"Match","Date","Team","Player ID","Full Name","Role","Played","Runs","Balls","4s","6s","SR","Dismissal","Overs","Maidens","Dots","Runs Conceded","Wickets","Econ","Catches","Stumpings","Run Outs","Pts Bat","Pts Bowl","Pts Field","Pts SR","Pts Econ","Pts XI","Fantasy Points","Source","In Squad List","Bat Order","L1 Recon","L2 Recon","Match Status","Recon Flag","Player Recon"
"Match 1 — MTMILO v MTSUNL","2026-07-21","MTMILO","ci:298438","Jason Roy","BAT","Y","0","2","0","0","0","caught","","0","0","0","0","","1","0","0","-2","0","8","0","0","4","10","cricsheet · official","Y","3","✓ clean","✓ complete","COMPLETED_FLAGGED","⚠ official revision pending",""
"Match 1 — MTMILO v MTSUNL","2026-07-21","MTMILO","ci:897549","Will Jacks","AR","Y","2","3","0","0","66.7","caught","","0","0","0","0","","0","0","0","2","0","0","0","0","4","6","cricsheet · official","Y","1","✓ clean","✓ complete","COMPLETED_FLAGGED","⚠ official revision pending",""
"Match 1 — MTMILO v MTSUNL","2026-07-21","MTMILO","ci:296597","James Vince","BAT","Y","17","18","2","0","94.4","bowled","","0","0","0","0","","0","0","0","25","0","0","0","0","4","29","cricsheet · official","Y","2","✓ clean","✓ complete","COMPLETED_FLAGGED","⚠ official revision pending",""
"Match 1 — MTMILO v MTSUNL","2026-07-21","MTMILO","ci:604302","Nicholas Pooran","WK","Y","58","22","5","5","263.6","","","0","0","0","0","","2","0","1","116","0","22","0","0","4","142","cricsheet · official","Y","5","✓ clean","✓ complete","COMPLETED_FLAGGED","⚠ official revision pending",""
"Match 1 — MTMILO v MTSUNL","2026-07-21","MTMILO","ci:914541","Sherfane Rutherford","AR","N","","","","","","","","","","","","","","","","","","","","","","","cricsheet · official","Y","","","✓ complete","COMPLETED_FLAGGED","⚠ official revision pending",""
"Match 1 — MTMILO v MTSUNL","2026-07-21","MTMILO","ci:662973","Sam Curran","AR","Y","60","39","5","3","153.8","","2.5","0","4","27","2","10.8","1","0","0","106","76","8","0","0","4","194","cricsheet · official","Y","4","✓ clean","✓ complete","COMPLETED_FLAGGED","⚠ official revision pending",""
"Match 1 — MTMILO v MTSUNL","2026-07-21","MTMILO","ci:550235","Tom Curran","AR","Y","0","0","0","0","","","2.5","0","3","28","1","11.2","0","0","0","0","33","0","0","0","4","37","cricsheet · official","Y","","✓ clean","✓ complete","COMPLETED_FLAGGED","⚠ official revision pending",""
"Match 1 — MTMILO v MTSUNL","2026-07-21","MTMILO","ci:793463","Rashid Khan","AR","Y","0","0","0","0","","","3.3","0","7","34","1","10.2","1","0","0","0","37","8","0","0","4","49","cricsheet · official","Y","","✓ clean","✓ complete","COMPLETED_FLAGGED","⚠ official revision pending",""
"Match 1 — MTMILO v MTSUNL","2026-07-21","MTMILO","ci:277912","Trent Boult","BOWL","Y","0","0","0","0","","","3.3","0","8","17","1","5.1","0","0","1","0","46","6","0","0","4","56","cricsheet · official","Y","","✓ clean","✓ complete","COMPLETED_FLAGGED","⚠ official revision pending",""
"Match 1 — MTMILO v MTSUNL","2026-07-21","MTMILO","ci:473191","Richard Gleeson","BOWL","Y","0","0","0","0","","","3.2","0","9","25","4","7.89","0","0","0","0","141","0","0","0","4","145","cricsheet · official","Y","","✓ clean","✓ complete","COMPLETED_FLAGGED","⚠ official revision pending",""
"Match 1 — MTMILO v MTSUNL","2026-07-21","MTMILO","ci:457279","Olly Stone","BOWL","N","","","","","","","","","","","","","","","","","","","","","","","cricsheet · official","Y","","","✓ complete","COMPLETED_FLAGGED","⚠ official revision pending",""
"Match 1 — MTMILO v MTSUNL","2026-07-21","MTMILO","ci:887207","Ollie Pope","BAT","N","","","","","","","","","","","","","","","","","","","","","","","cricsheet · official","Y","","","✓ complete","COMPLETED_FLAGGED","⚠ official revision pending",""
"Match 1 — MTMILO v MTSUNL","2026-07-21","MTMILO","ci:789729","Callum Parkinson","BOWL","N","","","","","","","","","","","","","","","","","","","","","","","cricsheet · official","Y","","","✓ complete","COMPLETED_FLAGGED","⚠ official revision pending",""
"Match 1 — MTMILO v MTSUNL","2026-07-21","MTMILO","ci:747315","Nathan Sowter","BOWL","Y","0","0","0","0","","","1.7","0","5","11","0","6.6","2","0","0","0","5","16","0","0","4","25","cricsheet · official","Y","","✓ clean","✓ complete","COMPLETED_FLAGGED","⚠ official revision pending",""
"Match 1 — MTMILO v MTSUNL","2026-07-21","MTMILO","ci:1396331","Ollie Sykes","AR","N","","","","","","","","","","","","","","","","","","","","","","","cricsheet · official","Y","","","✓ complete","COMPLETED_FLAGGED","⚠ official revision pending",""
"Match 1 — MTMILO v MTSUNL","2026-07-21","MTSUNL","ci:665053","Zak Crawley","BAT","Y","13","11","1","0","118.2","caught","","0","0","0","0","","0","0","0","17","0","0","0","0","4","21","cricsheet · official","Y","4","✓ clean","✓ complete","COMPLETED_FLAGGED","⚠ official revision pending",""
"Match 1 — MTMILO v MTSUNL","2026-07-21","MTSUNL","ci:605661","Ryan Rickelton","WK","Y","25","16","1","3","156.2","lbw","","0","0","0","0","","0","0","0","51","0","0","0","0","4","55","cricsheet · official","Y","2","✓ clean","✓ complete","COMPLETED_FLAGGED","⚠ official revision pending",""
"Match 1 — MTMILO v MTSUNL","2026-07-21","MTSUNL","ci:911707","Harry Brook","BAT","Y","8","7","0","1","114.3","caught","","0","0","0","0","","0","0","0","14","0","0","0","0","4","18","cricsheet · official","Y","3","✓ clean","✓ complete","COMPLETED_FLAGGED","⚠ official revision pending",""
"Match 1 — MTMILO v MTSUNL","2026-07-21","MTSUNL","ci:272450","Mitchell Marsh","AR","Y","41","27","3","3","151.9","caught","","0","0","0","0","","1","0","0","75","0","8","0","0","4","87","cricsheet · official","Y","1","✓ clean","✓ complete","COMPLETED_FLAGGED","⚠ official revision pending",""
"Match 1 — MTMILO v MTSUNL","2026-07-21","MTSUNL","ci:641423","Dan Lawrence","BAT","Y","2","4","0","0","50","caught","0.8","0","0","13","0","15.6","0","0","0","2","0","0","0","0","4","6","cricsheet · official","Y","5","✓ clean","✓ complete","COMPLETED_FLAGGED","⚠ official revision pending",""
"Match 1 — MTMILO v MTSUNL","2026-07-21","MTSUNL","ci:578769","Ed Barnard","AR","N","","","","","","","","","","","","","","","","","","","","","","","cricsheet · official","Y","","","✓ complete","COMPLETED_FLAGGED","⚠ official revision pending",""
"Match 1 — MTMILO v MTSUNL","2026-07-21","MTSUNL","ci:211748","Benny Howell","AR","Y","0","1","0","0","0","caught","1.7","0","1","24","0","14.4","0","0","0","-2","1","0","0","0","4","3","cricsheet · official","Y","7","✓ clean","✓ complete","COMPLETED_FLAGGED","⚠ official revision pending","⚠ official revision"
"Match 1 — MTMILO v MTSUNL","2026-07-21","MTSUNL","ci:596417","Brydon Carse","BOWL","Y","4","5","0","0","80","caught","3.3","0","7","18","2","5.4","0","0","0","4","71","0","0","0","4","79","cricsheet · official","Y","8","✓ clean","✓ complete","COMPLETED_FLAGGED","⚠ official revision pending",""
"Match 1 — MTMILO v MTSUNL","2026-07-21","MTSUNL","ci:826915","Nathan Ellis","BOWL","Y","0","1","0","0","0","caught","3.3","0","8","22","1","6.6","0","0","0","0","46","0","0","0","4","50","cricsheet · official","Y","10","✓ clean","✓ complete","COMPLETED_FLAGGED","⚠ official revision pending",""
"Match 1 — MTMILO v MTSUNL","2026-07-21","MTSUNL","ci:734459","Abrar Ahmed","BOWL","Y","7","3","0","1","233.3","","1.7","0","1","30","0","18","0","0","0","13","1","0","0","0","4","18","cricsheet · official","Y","11","✓ clean","✓ complete","COMPLETED_FLAGGED","⚠ official revision pending",""
"Match 1 — MTMILO v MTSUNL","2026-07-21","MTSUNL","ci:1027781","Matthew Potts","BOWL","Y","9","6","1","0","150","run out","3.2","0","8","33","0","10.42","0","0","0","13","8","0","0","0","4","25","cricsheet · official","Y","9","✓ clean","✓ complete","COMPLETED_FLAGGED","⚠ official revision pending",""
"Match 1 — MTMILO v MTSUNL","2026-07-21","MTSUNL","ci:602155","Tom Alsop","WK","Y","31","18","0","3","172.2","lbw","","0","0","0","0","","0","0","0","53","0","0","0","0","4","57","cricsheet · official","Y","6","✓ clean","✓ complete","COMPLETED_FLAGGED","⚠ official revision pending",""
"Match 1 — MTMILO v MTSUNL","2026-07-21","MTSUNL","ci:461632","Reece Topley","BOWL","N","","","","","","","","","","","","","","","","","","","","","","","cricsheet · official","Y","","","✓ complete","COMPLETED_FLAGGED","⚠ official revision pending",""
"Match 1 — MTMILO v MTSUNL","2026-07-21","MTSUNL","ci:1023361","Liam Patterson-White","AR","N","","","","","","","","","","","","","","","","","","","","","","","cricsheet · official","Y","","","✓ complete","COMPLETED_FLAGGED","⚠ official revision pending",""
"Match 1 — MTMILO v MTSUNL","2026-07-21","MTSUNL","ci:1264775","Tom Lawes","AR","N","","","","","","","","","","","","","","","","","","","","","","","cricsheet · official","Y","","","✓ complete","COMPLETED_FLAGGED","⚠ official revision pending",""
"Match 1 — MTMILO v MTSUNL","2026-07-21","MTSUNL","slug:matthew-revis","Matthew Revis","BAT","N","","","","","","","","","","","","","","","","","","","","","","","cricsheet · official","Y","","","✓ complete","COMPLETED_FLAGGED","⚠ official revision pending",""
"Match 1 — MTMILO v MTSUNL","2026-07-21","?","","JR Philippe","BAT","Y","0","0","0","0","","","","0","0","0","0","","0","0","0","0","0","0","0","0","4","4","cricsheet · official","N","","","✓ complete","COMPLETED_FLAGGED","⚠ official revision pending",""
"Match 2 — MTSBR v MTWLF","2026-07-22","MTSBR","ci:1096092","Jamie Smith","WK","Y","3","3","0","0","100","bowled","","0","0","0","0","","0","0","1","3","0","6","0","0","4","13","cricsheet · official","Y","1","✓ clean","✓ complete","COMPLETED_FLAGGED","⚠ official revision pending",""
"Match 2 — MTSBR v MTWLF","2026-07-22","MTSBR","ci:595978","Tristan Stubbs","BAT","Y","4","7","0","0","57.1","caught","","0","0","0","0","","0","0","0","4","0","0","0","0","4","8","cricsheet · official","Y","5","✓ clean","✓ complete","COMPLETED_FLAGGED","⚠ official revision pending",""
"Match 2 — MTSBR v MTWLF","2026-07-22","MTSBR","ci:321777","David Miller","BAT","Y","44","35","3","1","125.7","run out","","0","0","0","0","","1","0","0","66","0","8","0","0","4","78","cricsheet · official","Y","4","✓ clean","✓ complete","COMPLETED_FLAGGED","⚠ official revision pending",""
"Match 2 — MTSBR v MTWLF","2026-07-22","MTSBR","ci:325012","Marcus Stoinis","AR","N","","","","","","","","","","","","","","","","","","","","","","","cricsheet · official","Y","","","✓ complete","COMPLETED_FLAGGED","⚠ official revision pending",""
"Match 2 — MTSBR v MTWLF","2026-07-22","MTSBR","ci:462727","Tom Abell","AR","N","","","","","","","","","","","","","","","","","","","","","","","cricsheet · official","Y","","","✓ complete","COMPLETED_FLAGGED","⚠ official revision pending",""
"Match 2 — MTSBR v MTWLF","2026-07-22","MTSBR","ci:772293","Michael Pepper","WK","N","","","","","","","","","","","","","","","","","","","","","","","cricsheet · official","Y","","","✓ complete","COMPLETED_FLAGGED","⚠ official revision pending",""
"Match 2 — MTSBR v MTWLF","2026-07-22","MTSBR","ci:288992","Chris Jordan","BOWL","Y","1","1","0","0","100","","2.2","0","3","24","0","11.08","1","0","0","1","3","8","0","0","4","16","cricsheet · official","Y","8","✓ clean","✓ complete","COMPLETED_FLAGGED","⚠ official revision pending",""
"Match 2 — MTSBR v MTWLF","2026-07-22","MTSBR","ci:244497","Adil Rashid","BOWL","Y","0","0","0","0","","","3.3","0","6","18","0","5.4","0","0","0","0","6","0","0","0","4","10","cricsheet · official","Y","","✓ clean","✓ complete","COMPLETED_FLAGGED","⚠ official revision pending",""
"Match 2 — MTSBR v MTWLF","2026-07-22","MTSBR","ci:669855","Jofra Archer","BOWL","Y","4","4","0","0","100","run out","3.3","0","5","22","0","6.6","0","0","0","4","5","0","0","0","4","13","cricsheet · official","Y","7","✓ clean","✓ complete","COMPLETED_FLAGGED","⚠ official revision pending",""
"Match 2 — MTSBR v MTWLF","2026-07-22","MTSBR","ci:573170","Luke Wood","BOWL","Y","2","1","0","0","200","","2.5","0","6","29","0","11.6","0","0","0","2","6","0","0","0","4","12","cricsheet · official","Y","9","✓ clean","✓ complete","COMPLETED_FLAGGED","⚠ official revision pending",""
"Match 2 — MTSBR v MTWLF","2026-07-22","MTSBR","ci:557298","Dan Worrall","BOWL","Y","0","0","0","0","","","2.5","0","6","15","1","6","0","0","1","0","36","6","0","0","4","46","cricsheet · official","Y","","✓ clean","✓ complete","COMPLETED_FLAGGED","⚠ official revision pending",""
"Match 2 — MTSBR v MTWLF","2026-07-22","MTSBR","ci:1280097","Ben McKinney","BAT","Y","4","9","0","0","44.4","caught","","0","0","0","0","","0","0","0","4","0","0","0","0","4","8","cricsheet · official","Y","2","✓ clean","✓ complete","COMPLETED_FLAGGED","⚠ official revision pending",""
"Match 2 — MTSBR v MTWLF","2026-07-22","MTSBR","ci:1079380","Nikhil Chaudhary","AR","Y","19","12","3","0","158.3","caught","2.5","0","4","19","2","7.6","0","0","0","31","76","0","0","0","4","111","cricsheet · official","Y","6","⚠ runs 19/21 (cricapi/ESPN)","✓ complete","COMPLETED_FLAGGED","⚠ official revision pending",""
"Match 2 — MTSBR v MTWLF","2026-07-22","MTSBR","ci:1379431","Thomas Rew","WK","Y","41","30","5","1","136.7","caught","","0","0","0","0","","0","0","0","71","0","0","0","0","4","75","cricsheet · official","Y","3","✓ clean","✓ complete","COMPLETED_FLAGGED","⚠ official revision pending",""
"Match 2 — MTSBR v MTWLF","2026-07-22","MTSBR","ci:1434859","Caleb Falconer","BOWL","N","","","","","","","","","","","","","","","","","","","","","","","cricsheet · official","Y","","","✓ complete","COMPLETED_FLAGGED","⚠ official revision pending",""
"Match 2 — MTSBR v MTWLF","2026-07-22","MTWLF","ci:669365","Phil Salt","WK","Y","49","37","2","1","132.4","","","0","0","0","0","","0","0","1","67","0","6","0","0","4","77","cricsheet · official","Y","1","⚠ runs 0/49; 4s 0/2; 6s 0/1 (cricapi/ESPN)","⚠ revised: runs 0→49; 4s 0→2; 6s 0→1","COMPLETED_FLAGGED","⚠ official revision pending",""
"Match 2 — MTSBR v MTWLF","2026-07-22","MTWLF","ci:605575","Matthew Short","AR","Y","20","15","4","0","133.3","caught","1.7","0","5","5","1","3","1","0","0","36","35","8","0","0","4","83","cricsheet · official","Y","2","✓ clean","✓ complete","COMPLETED_FLAGGED","⚠ official revision pending",""
"Match 2 — MTSBR v MTWLF","2026-07-22","MTWLF","ci:303669","Joe Root","BAT","Y","15","15","2","0","100","run out","1.7","0","3","18","0","10.8","1","0","0","23","3","8","0","0","4","38","cricsheet · official","Y","3","✓ clean","✓ complete","COMPLETED_FLAGGED","⚠ official revision pending",""
"Match 2 — MTSBR v MTWLF","2026-07-22","MTWLF","ci:959767","Rachin Ravindra","AR","Y","24","16","2","0","150","caught","","0","0","0","0","","1","0","1","32","0","14","0","0","4","50","cricsheet · official","Y","4","✓ clean","✓ complete","COMPLETED_FLAGGED","⚠ official revision pending",""
"Match 2 — MTSBR v MTWLF","2026-07-22","MTWLF","ci:470633","Tom Kohler-Cadmore","BAT","N","","","","","","","","","","","","","","","","","","","","","","","cricsheet · official","Y","","","✓ complete","COMPLETED_FLAGGED","⚠ official revision pending",""
"Match 2 — MTSBR v MTWLF","2026-07-22","MTWLF","ci:247235","Chris Woakes","AR","Y","0","0","0","0","","","3.3","0","5","28","1","8.4","0","0","1","0","35","6","0","0","4","45","cricsheet · official","Y","","✓ clean","✓ complete","COMPLETED_FLAGGED","⚠ official revision pending",""
"Match 2 — MTSBR v MTWLF","2026-07-22","MTWLF","ci:696401","Marco Jansen","AR","Y","0","0","0","0","","","3.3","0","10","17","2","5.1","0","0","1","0","74","6","0","0","4","84","cricsheet · official","Y","","✓ clean","✓ complete","COMPLETED_FLAGGED","⚠ official revision pending",""
"Match 2 — MTSBR v MTWLF","2026-07-22","MTWLF","ci:1200126","Ben Kellaway","AR","Y","0","0","0","0","","","","0","0","0","0","","1","0","0","0","0","8","0","0","4","12","cricsheet · official","Y","","✓ clean","✓ complete","COMPLETED_FLAGGED","⚠ official revision pending",""
"Match 2 — MTSBR v MTWLF","2026-07-22","MTWLF","ci:493773","Lockie Ferguson","BOWL","Y","0","0","0","0","","","3.3","0","4","34","0","10.2","0","0","0","0","4","0","0","0","4","8","cricsheet · official","Y","","✓ clean","✓ complete","COMPLETED_FLAGGED","⚠ official revision pending",""
"Match 2 — MTSBR v MTWLF","2026-07-22","MTWLF","ci:772061","Sam Cook","BOWL","Y","0","0","0","0","","","3.3","0","9","26","1","7.8","0","0","1","0","47","6","0","0","4","57","cricsheet · official","Y","","✓ clean","✓ complete","COMPLETED_FLAGGED","⚠ official revision pending","⚠ official revision"
"Match 2 — MTSBR v MTWLF","2026-07-22","MTWLF","ci:1152986","Jafer Chohan","BOWL","N","","","","","","","","","","","","","","","","","","","","","","","cricsheet · official","Y","","","✓ complete","COMPLETED_FLAGGED","⚠ official revision pending",""
"Match 2 — MTSBR v MTWLF","2026-07-22","MTWLF","ci:1112537","Jordan Cox","WK","Y","6","4","0","0","150","bowled","","0","0","0","0","","0","0","0","6","0","0","0","0","4","10","cricsheet · official","Y","5","✓ clean","✓ complete","COMPLETED_FLAGGED","⚠ official revision pending",""
"Match 2 — MTSBR v MTWLF","2026-07-22","MTWLF","ci:1195664","Asa Tribe","BAT","Y","11","12","1","0","91.7","","","0","0","0","0","","0","0","0","15","0","0","0","0","4","19","cricsheet · official","Y","6","✓ clean","✓ complete","COMPLETED_FLAGGED","⚠ official revision pending",""
"Match 2 — MTSBR v MTWLF","2026-07-22","MTWLF","ci:1260230","Tom Aspinwall","BOWL","N","","","","","","","","","","","","","","","","","","","","","","","cricsheet · official","Y","","","✓ complete","COMPLETED_FLAGGED","⚠ official revision pending",""
"Match 2 — MTSBR v MTWLF","2026-07-22","MTSBR","slug:saif-zaib","Saif Zaib","BAT","N","","","","","","","","","","","","","","","","","","","","","","","cricsheet · official","Y","","","✓ complete","COMPLETED_FLAGGED","⚠ official revision pending",""
"Match 3 — MTLSP v MTMSG","2026-07-23","MTLSP","ci:297433","Jonny Bairstow","WK","N","","","","","","","","","","","","","","","","","","","","","","","cricsheet · official","Y","","","✓ complete","COMPLETED_FLAGGED","⚠ official revision pending",""
"Match 3 — MTLSP v MTMSG","2026-07-23","MTLSP","ci:1070665","Dewald Brevis","BAT","Y","22","23","2","0","95.7","caught and bowled","","0","0","0","0","","0","0","0","30","0","0","0","0","4","34","cricsheet · official","Y","5","✓ clean","✓ complete","COMPLETED_FLAGGED","⚠ official revision pending","⚠ official revision"
"Match 3 — MTLSP v MTMSG","2026-07-23","MTLSP","ci:403902","Liam Livingstone","AR","Y","69","40","4","5","172.5","bowled","3.3","0","10","14","2","4.2","1","0","1","123","82","14","0","0","4","223","cricsheet · official","Y","4","✓ clean","✓ complete","COMPLETED_FLAGGED","⚠ official revision pending",""
"Match 3 — MTLSP v MTMSG","2026-07-23","MTLSP","ci:1385640","Lhuan-dre Pretorius","BAT","Y","12","13","1","1","92.3","caught","","0","0","0","0","","0","0","0","22","0","0","0","0","4","26","cricsheet · official","Y","1","✓ clean","✓ complete","COMPLETED_FLAGGED","⚠ official revision pending",""
"Match 3 — MTLSP v MTMSG","2026-07-23","MTLSP","ci:525992","Adam Hose","BAT","N","","","","","","","","","","","","","","","","","","","","","","","cricsheet · official","Y","","","✓ complete","COMPLETED_FLAGGED","⚠ official revision pending",""
"Match 3 — MTLSP v MTMSG","2026-07-23","MTLSP","ci:308251","David Willey","AR","Y","0","0","0","0","","","3.3","0","7","0","1","0","0","0","1","0","37","6","0","0","4","47","cricsheet · official","Y","","⚠ wkts 0/1 (cricapi/ESPN)","⚠ revised: wkts 0→1","COMPLETED_FLAGGED","⚠ official revision pending","⚠ official revision"
"Match 3 — MTLSP v MTMSG","2026-07-23","MTLSP","ci:510530","Jamie Overton","AR","Y","1","1","0","0","100","","1.7","0","5","15","0","9","1","0","0","1","5","8","0","0","4","18","cricsheet · official","Y","7","✓ clean","✓ complete","COMPLETED_FLAGGED","⚠ official revision pending",""
"Match 3 — MTLSP v MTMSG","2026-07-23","MTLSP","ci:1231590","James Coles","AR","Y","1","3","0","0","33.3","caught","2.5","0","4","24","1","9.6","0","0","1","1","34","6","0","0","4","45","cricsheet · official","Y","6","✓ clean","✓ complete","COMPLETED_FLAGGED","⚠ official revision pending",""
"Match 3 — MTLSP v MTMSG","2026-07-23","MTLSP","ci:379504","Adam Zampa","BOWL","Y","0","0","0","0","","","2.5","0","6","27","2","10.8","0","0","0","0","86","0","0","0","4","90","cricsheet · official","Y","","✓ clean","✓ complete","COMPLETED_FLAGGED","⚠ official revision pending",""
"Match 3 — MTLSP v MTMSG","2026-07-23","MTLSP","ci:450860","Adam Milne","BOWL","Y","0","0","0","0","","","2.5","0","9","11","1","4.4","0","0","0","0","47","0","0","0","4","51","cricsheet · official","Y","","✓ clean","✓ complete","COMPLETED_FLAGGED","⚠ official revision pending",""
"Match 3 — MTLSP v MTMSG","2026-07-23","MTLSP","ci:459257","Tymal Mills","BOWL","Y","0","0","0","0","","","0.8","0","1","14","0","16.8","0","0","0","0","1","0","0","0","4","5","cricsheet · official","Y","","✓ clean","✓ complete","COMPLETED_FLAGGED","⚠ official revision pending",""
"Match 3 — MTLSP v MTMSG","2026-07-23","MTLSP","ci:1184436","James Rew","WK","Y","0","2","0","0","0","caught","","0","0","0","0","","0","0","1","-2","0","6","0","0","4","8","cricsheet · official","Y","3","✓ clean","✓ complete","COMPLETED_FLAGGED","⚠ official revision pending",""
"Match 3 — MTLSP v MTMSG","2026-07-23","MTLSP","ci:660889","Mason Crane","BOWL","N","","","","","","","","","","","","","","","","","","","","","","","cricsheet · official","Y","","","✓ complete","COMPLETED_FLAGGED","⚠ official revision pending",""
"Match 3 — MTLSP v MTMSG","2026-07-23","MTLSP","ci:1129635","Matthew Fisher","BOWL","N","","","","","","","","","","","","","","","","","","","","","","","cricsheet · official","Y","","","✓ complete","COMPLETED_FLAGGED","⚠ official revision pending",""
"Match 3 — MTLSP v MTMSG","2026-07-23","MTMSG","ci:308967","Jos Buttler","WK","Y","16","11","1","1","145.5","bowled","","0","0","0","0","","0","0","0","26","0","0","0","0","4","30","cricsheet · official","Y","3","✓ clean","✓ complete","COMPLETED_FLAGGED","⚠ official revision pending",""
"Match 3 — MTLSP v MTMSG","2026-07-23","MTMSG","ci:600498","Aiden Markram","BAT","Y","1","10","0","0","10","lbw","","0","0","0","0","","0","0","0","1","0","0","0","0","4","5","cricsheet · official","Y","1","✓ clean","✓ complete","COMPLETED_FLAGGED","⚠ official revision pending",""
"Match 3 — MTLSP v MTMSG","2026-07-23","MTMSG","ci:595739","Leus du Plooy","BAT","Y","6","4","1","0","150","bowled","","0","0","0","0","","1","0","0","10","0","8","0","0","4","22","cricsheet · official","Y","5","✓ clean","✓ complete","COMPLETED_FLAGGED","⚠ official revision pending",""
"Match 3 — MTLSP v MTMSG","2026-07-23","MTMSG","ci:436757","Heinrich Klaasen","WK","Y","17","11","1","1","154.5","caught","","0","0","0","0","","0","0","0","27","0","0","0","0","4","31","cricsheet · official","Y","4","✓ clean","✓ complete","COMPLETED_FLAGGED","⚠ official revision pending",""
"Match 3 — MTLSP v MTMSG","2026-07-23","MTMSG","ci:211855","Liam Dawson","AR","Y","9","9","1","0","100","bowled","3.3","0","9","23","1","6.9","0","0","0","13","47","0","0","0","4","64","cricsheet · official","Y","7","✓ clean","✓ complete","COMPLETED_FLAGGED","⚠ official revision pending",""
"Match 3 — MTLSP v MTMSG","2026-07-23","MTMSG","ci:909225","Paul Walter","AR","N","","","","","","","","","","","","","","","","","","","","","","","cricsheet · official","Y","","","✓ complete","COMPLETED_FLAGGED","⚠ official revision pending",""
"Match 3 — MTLSP v MTMSG","2026-07-23","MTMSG","ci:1126982","Gus Atkinson","BOWL","Y","6","4","1","0","150","caught","3.3","0","12","15","2","4.5","2","0","0","10","76","16","0","0","4","106","cricsheet · official","Y","8","✓ clean","✓ complete","COMPLETED_FLAGGED","⚠ official revision pending",""
"Match 3 — MTLSP v MTMSG","2026-07-23","MTMSG","ci:1150772","Tom Hartley","BOWL","N","","","","","","","","","","","","","","","","","","","","","","","cricsheet · official","Y","","","✓ complete","COMPLETED_FLAGGED","⚠ official revision pending",""
"Match 3 — MTLSP v MTMSG","2026-07-23","MTMSG","ci:1182529","Noor Ahmad","BOWL","Y","2","3","0","0","66.7","","3.3","0","6","36","0","10.8","0","0","0","2","6","0","0","0","4","12","cricsheet · official","Y","9","✓ clean","✓ complete","COMPLETED_FLAGGED","⚠ official revision pending",""
"Match 3 — MTLSP v MTMSG","2026-07-23","MTMSG","ci:857975","Josh Tongue","BOWL","Y","1","1","0","0","100","run out","3.3","0","6","26","1","7.8","0","0","0","1","36","0","0","0","4","41","cricsheet · official","Y","10","✓ clean","✓ complete","COMPLETED_FLAGGED","⚠ official revision pending",""
"Match 3 — MTLSP v MTMSG","2026-07-23","MTMSG","ci:1191192","Sonny Baker","BOWL","Y","0","0","0","0","","","3.3","0","9","29","2","8.7","0","0","0","0","81","0","0","0","4","85","cricsheet · official","Y","","✓ clean","✓ complete","COMPLETED_FLAGGED","⚠ official revision pending",""
"Match 3 — MTLSP v MTMSG","2026-07-23","MTMSG","ci:625964","Tim Seifert","WK","Y","67","45","6","3","148.9","caught","","0","0","0","0","","0","0","0","117","0","0","0","0","4","121","cricsheet · official","Y","2","✓ clean","✓ complete","COMPLETED_FLAGGED","⚠ official revision pending",""
"Match 3 — MTLSP v MTMSG","2026-07-23","MTMSG","ci:641387","Max Holden","BAT","N","","","","","","","","","","","","","","","","","","","","","","","cricsheet · official","Y","","","✓ complete","COMPLETED_FLAGGED","⚠ official revision pending",""
"Match 3 — MTLSP v MTMSG","2026-07-23","MTMSG","ci:1260386","Tawanda Muyeye","BAT","N","","","","","","","","","","","","","","","","","","","","","","","cricsheet · official","Y","","","✓ complete","COMPLETED_FLAGGED","⚠ official revision pending",""
"Match 3 — MTLSP v MTMSG","2026-07-23","MTMSG","ci:788101","Tom Moores","WK","Y","0","2","0","0","0","run out","","0","0","0","0","","1","0","0","-2","0","8","0","0","4","10","cricsheet · official","Y","6","✓ clean","✓ complete","COMPLETED_FLAGGED","⚠ official revision pending",""
"Match 3 — MTLSP v MTMSG","2026-07-23","MTMSG","ci:857979","George Scrimshaw","BOWL","N","","","","","","","","","","","","","","","","","","","","","","","cricsheet · official","Y","","","✓ complete","COMPLETED_FLAGGED","⚠ official revision pending",""
"Match 3 — MTLSP v MTMSG","2026-07-23","MTLSP","slug:andrew-tye","Andrew Tye","BOWL","N","","","","","","","","","","","","","","","","","","","","","","","cricsheet · official","Y","","","✓ complete","COMPLETED_FLAGGED","⚠ official revision pending",""
"Match 3 — MTLSP v MTMSG","2026-07-23","?","","KS Carlson","BAT","Y","19","19","1","1","100","bowled","","0","0","0","0","","0","0","0","29","0","0","0","0","4","33","cricsheet · official","N","2","","✓ complete","COMPLETED_FLAGGED","⚠ official revision pending",""
"Match 4 — MTBPH v MTTRR","2026-07-24","MTBPH","ci:1099224","Will Smeed","BAT","Y","51","28","2","3","182.1","caught","","0","0","0","0","","0","0","0","85","0","0","0","0","4","89","cricsheet · official","Y","2","✓ clean","✓ complete","COMPLETED_FLAGGED","⚠ official revision pending","⚠ official revision"
"Match 4 — MTBPH v MTTRR","2026-07-24","MTBPH","ci:571911","Joe Clarke","WK","Y","68","33","7","4","206.1","caught","","0","0","0","0","","2","0","0","128","0","16","0","0","4","148","cricsheet · official","Y","1","✓ clean","✓ complete","COMPLETED_FLAGGED","⚠ official revision pending",""
"Match 4 — MTBPH v MTTRR","2026-07-24","MTBPH","ci:1194959","Jacob Bethell","AR","N","","","","","","","","","","","","","","","","","","","","","","","cricsheet · official","Y","","","✓ complete","COMPLETED_FLAGGED","⚠ official revision pending",""
"Match 4 — MTBPH v MTTRR","2026-07-24","MTBPH","ci:256956","Laurie Evans","BAT","Y","0","0","0","0","","","","0","0","0","0","","0","0","0","0","0","0","0","0","4","4","cricsheet · official","Y","","","✓ complete","COMPLETED_FLAGGED","⚠ official revision pending",""
"Match 4 — MTBPH v MTTRR","2026-07-24","MTBPH","ci:698315","Donovan Ferreira","WK","Y","22","9","0","3","244.4","","","0","0","0","0","","0","0","1","40","0","6","0","0","4","50","cricsheet · official","Y","4","✓ clean","✓ complete","COMPLETED_FLAGGED","⚠ official revision pending",""
"Match 4 — MTBPH v MTTRR","2026-07-24","MTBPH","ci:1213979","Mitchell Owen","AR","Y","6","3","0","1","200","caught","1.7","0","1","28","1","16.8","1","0","0","12","31","8","0","0","4","55","cricsheet · official","Y","5","✓ clean","✓ complete","COMPLETED_FLAGGED","⚠ official revision pending",""
"Match 4 — MTBPH v MTTRR","2026-07-24","MTBPH","ci:1263691","Rehan Ahmed","AR","Y","48","25","2","5","192","caught","1.7","0","1","21","0","12.6","0","0","0","90","1","0","0","0","4","95","cricsheet · official","Y","3","✓ clean","✓ complete","COMPLETED_FLAGGED","⚠ official revision pending",""
"Match 4 — MTBPH v MTTRR","2026-07-24","MTBPH","ci:1104697","Scott Currie","AR","Y","0","0","0","0","","","3.3","0","2","40","2","12","2","0","0","0","66","16","0","0","4","86","cricsheet · official","Y","","✓ clean","✓ complete","COMPLETED_FLAGGED","⚠ official revision pending",""
"Match 4 — MTBPH v MTTRR","2026-07-24","MTBPH","ci:643885","Saqib Mahmood","BOWL","Y","0","0","0","0","","","3.3","0","7","45","0","13.5","0","0","0","0","7","0","0","0","4","11","cricsheet · official","Y","","✓ clean","✓ complete","COMPLETED_FLAGGED","⚠ official revision pending",""
"Match 4 — MTBPH v MTTRR","2026-07-24","MTBPH","ci:330902","Mustafizur Rahman","BOWL","N","","","","","","","","","","","","","","","","","","","","","","","cricsheet · official","Y","","","✓ complete","COMPLETED_FLAGGED","⚠ official revision pending",""
"Match 4 — MTBPH v MTTRR","2026-07-24","MTBPH","ci:1333415","Usman Tariq","BOWL","Y","0","0","0","0","","","3.3","0","3","36","2","10.8","0","0","0","0","67","0","0","0","4","71","cricsheet · official","Y","","✓ clean","✓ complete","COMPLETED_FLAGGED","⚠ official revision pending",""
"Match 4 — MTBPH v MTTRR","2026-07-24","MTBPH","ci:766809","Jordan Thompson","AR","N","","","","","","","","","","","","","","","","","","","","","","","cricsheet · official","Y","","","✓ complete","COMPLETED_FLAGGED","⚠ official revision pending",""
"Match 4 — MTBPH v MTTRR","2026-07-24","MTBPH","ci:310525","Chris Wood","BOWL","N","","","","","","","","","","","","","","","","","","","","","","","cricsheet · official","Y","","","✓ complete","COMPLETED_FLAGGED","⚠ official revision pending",""
"Match 4 — MTBPH v MTTRR","2026-07-24","MTBPH","ci:1150964","Ethan Brookes","AR","N","","","","","","","","","","","","","","","","","","","","","","","cricsheet · official","Y","","","✓ complete","COMPLETED_FLAGGED","⚠ official revision pending",""
"Match 4 — MTBPH v MTTRR","2026-07-24","MTTRR","ci:959759","Finn Allen","BAT","Y","43","17","6","3","252.9","caught","","0","0","0","0","","1","0","0","89","0","8","0","0","4","101","cricsheet · official","Y","2","✓ clean","✓ complete","COMPLETED_FLAGGED","⚠ official revision pending",""
"Match 4 — MTBPH v MTTRR","2026-07-24","MTTRR","ci:521637","Ben Duckett","BAT","Y","49","25","6","2","196","caught","","0","0","0","0","","0","0","0","89","0","0","0","0","4","93","cricsheet · official","Y","1","✓ clean","✓ complete","COMPLETED_FLAGGED","⚠ official revision pending",""
"Match 4 — MTBPH v MTTRR","2026-07-24","MTTRR","ci:877051","Tom Banton","WK","Y","67","32","4","5","209.4","caught","","0","0","0","0","","1","0","0","121","0","8","0","0","4","133","cricsheet · official","Y","3","✓ clean","✓ complete","COMPLETED_FLAGGED","⚠ official revision pending",""
"Match 4 — MTBPH v MTTRR","2026-07-24","MTTRR","ci:297628","Sam Billings","WK","Y","12","9","2","0","133.3","caught","","0","0","0","0","","0","0","0","20","0","0","0","0","4","24","cricsheet · official","Y","5","✓ clean","✓ complete","COMPLETED_FLAGGED","⚠ official revision pending",""
"Match 4 — MTBPH v MTTRR","2026-07-24","MTTRR","ci:892749","Tim David","AR","Y","2","3","0","0","66.7","caught","","0","0","0","0","","0","0","0","2","0","0","0","0","4","6","cricsheet · official","Y","4","✓ clean","✓ complete","COMPLETED_FLAGGED","⚠ official revision pending",""
"Match 4 — MTBPH v MTTRR","2026-07-24","MTTRR","ci:362201","Lewis Gregory","AR","Y","1","2","0","0","50","caught and bowled","2.5","0","1","42","1","16.8","0","0","0","1","31","0","0","0","4","36","cricsheet · official","Y","7","✓ clean","✓ complete","COMPLETED_FLAGGED","⚠ official revision pending",""
"Match 4 — MTBPH v MTTRR","2026-07-24","MTTRR","ci:1172968","Dan Mousley","AR","N","","","","","","","","","","","","","","","","","","","","","","","cricsheet · official","Y","","","✓ complete","COMPLETED_FLAGGED","⚠ official revision pending",""
"Match 4 — MTBPH v MTTRR","2026-07-24","MTTRR","ci:502714","Mitchell Santner","AR","Y","7","8","0","0","87.5","run out","3.3","0","3","39","0","11.7","0","0","0","7","3","0","0","0","4","14","cricsheet · official","Y","6","✓ clean","✓ complete","COMPLETED_FLAGGED","⚠ official revision pending",""
"Match 4 — MTBPH v MTTRR","2026-07-24","MTTRR","ci:464626","Craig Overton","BOWL","Y","4","3","0","0","133.3","","1.7","0","6","9","0","5.4","1","0","0","4","6","8","0","0","4","22","cricsheet · official","Y","8","✓ clean","✓ complete","COMPLETED_FLAGGED","⚠ official revision pending",""
"Match 4 — MTBPH v MTTRR","2026-07-24","MTTRR","ci:506612","Matt Henry","BOWL","Y","0","0","0","0","","","2.5","0","4","48","0","19.2","0","0","0","0","4","0","0","0","4","8","cricsheet · official","Y","","✓ clean","✓ complete","COMPLETED_FLAGGED","⚠ official revision pending",""
"Match 4 — MTBPH v MTTRR","2026-07-24","MTTRR","ci:290948","Mohammad Amir","BOWL","Y","0","0","0","0","","","3.3","0","8","43","1","12.9","0","0","0","0","38","0","0","0","4","42","cricsheet · official","Y","","✓ clean","✓ complete","COMPLETED_FLAGGED","⚠ official revision pending",""
"Match 4 — MTBPH v MTTRR","2026-07-24","MTTRR","ci:310107","Danny Briggs","BOWL","N","","","","","","","","","","","","","","","","","","","","","","","cricsheet · official","Y","","","✓ complete","COMPLETED_FLAGGED","⚠ official revision pending",""
"Match 4 — MTBPH v MTTRR","2026-07-24","MTTRR","ci:562281","Aneurin Donald","BAT","N","","","","","","","","","","","","","","","","","","","","","","","cricsheet · official","Y","","","✓ complete","COMPLETED_FLAGGED","⚠ official revision pending",""
"Match 4 — MTBPH v MTTRR","2026-07-24","MTTRR","ci:1000791","Brad Currie","BOWL","N","","","","","","","","","","","","","","","","","","","","","","","cricsheet · official","Y","","","✓ complete","COMPLETED_FLAGGED","⚠ official revision pending",""
"Match 4 — MTBPH v MTTRR","2026-07-24","MTTRR","ci:868843","Louis Kimber","BAT","N","","","","","","","","","","","","","","","","","","","","","","","cricsheet · official","Y","","","✓ complete","COMPLETED_FLAGGED","⚠ official revision pending",""
"Match 4 — MTBPH v MTTRR","2026-07-24","MTBPH","ci:679567","Ben Dwarshuis","BAT","Y","0","0","0","0","","","3.3","0","8","32","1","9.6","0","0","1","0","38","6","0","0","4","48","cricsheet · official","Y","","✓ clean","✓ complete","COMPLETED_FLAGGED","⚠ official revision pending",""
"Match 4 — MTBPH v MTTRR","2026-07-24","MTBPH","slug:sean-dickson","Sean Dickson","BAT","Y","8","2","0","1","400","","","0","0","0","0","","1","0","0","14","0","8","0","0","4","26","cricsheet · official","Y","6","","⚠ revised: not in official XI","COMPLETED_FLAGGED","⚠ official revision pending",""
"Match 4 — MTBPH v MTTRR","2026-07-24","MTTRR","slug:calvin-harrison","Calvin Harrison","BAT","Y","12","2","0","2","600","","3.3","0","6","27","2","8.1","1","0","0","24","70","8","0","0","4","106","cricsheet · official","Y","9","","⚠ revised: not in official XI","COMPLETED_FLAGGED","⚠ official revision pending",""
"Match 5 — MTSUNL v MTSBR","2026-07-25","MTSUNL","ci:665053","Zak Crawley","BAT","Y","0","1","0","0","0","caught","","0","0","0","0","","0","0","0","-2","0","0","0","0","4","2","cricsheet · official","Y","4","✓ clean","✓ complete","COMPLETED","",""
"Match 5 — MTSUNL v MTSBR","2026-07-25","MTSUNL","ci:605661","Ryan Rickelton","WK","Y","37","27","4","1","137","caught","","0","0","0","0","","0","0","0","63","0","0","0","0","4","67","cricsheet · official","Y","2","⚠ runs 37/39 (cricapi/ESPN)","✓ complete","COMPLETED","",""
"Match 5 — MTSUNL v MTSBR","2026-07-25","MTSUNL","ci:911707","Harry Brook","BAT","Y","3","6","0","0","50","bowled","","0","0","0","0","","1","0","0","3","0","8","0","0","4","15","cricsheet · official","Y","3","✓ clean","✓ complete","COMPLETED","",""
"Match 5 — MTSUNL v MTSBR","2026-07-25","MTSUNL","ci:272450","Mitchell Marsh","AR","Y","69","34","4","6","202.9","caught","","0","0","0","0","","0","0","0","129","0","0","0","0","4","133","cricsheet · official","Y","1","⚠ runs 69/70 (cricapi/ESPN)","✓ complete","COMPLETED","",""
"Match 5 — MTSUNL v MTSBR","2026-07-25","MTSUNL","ci:641423","Dan Lawrence","BAT","Y","51","25","4","3","204","","0.8","0","1","9","0","10.8","1","0","0","93","1","8","0","0","4","106","cricsheet · official","Y","5","✓ clean","✓ complete","COMPLETED","",""
"Match 5 — MTSUNL v MTSBR","2026-07-25","MTSUNL","ci:578769","Ed Barnard","AR","N","","","","","","","","","","","","","","","","","","","","","","","cricsheet · official","Y","","","✓ complete","COMPLETED","",""
"Match 5 — MTSUNL v MTSBR","2026-07-25","MTSUNL","ci:211748","Benny Howell","AR","N","","","","","","","","","","","","","","","","","","","","","","","cricsheet · official","Y","","","✓ complete","COMPLETED","",""
"Match 5 — MTSUNL v MTSBR","2026-07-25","MTSUNL","ci:596417","Brydon Carse","BOWL","Y","0","0","0","0","","","3.3","0","6","30","0","9","0","0","0","0","6","0","0","0","4","10","cricsheet · official","Y","","✓ clean","✓ complete","COMPLETED","",""
"Match 5 — MTSUNL v MTSBR","2026-07-25","MTSUNL","ci:826915","Nathan Ellis","BOWL","Y","0","0","0","0","","","3.3","0","4","25","1","7.5","0","0","0","0","34","0","0","0","4","38","cricsheet · official","Y","","✓ clean","✓ complete","COMPLETED","",""
"Match 5 — MTSUNL v MTSBR","2026-07-25","MTSUNL","ci:734459","Abrar Ahmed","BOWL","Y","0","0","0","0","","","3.3","0","5","33","2","9.9","0","0","0","0","69","0","0","0","4","73","cricsheet · official","Y","","✓ clean","✓ complete","COMPLETED","",""
"Match 5 — MTSUNL v MTSBR","2026-07-25","MTSUNL","ci:1027781","Matthew Potts","BOWL","Y","0","0","0","0","","","3.3","0","4","46","1","13.8","0","0","0","0","34","0","0","0","4","38","cricsheet · official","Y","","✓ clean","✓ complete","COMPLETED","",""
"Match 5 — MTSUNL v MTSBR","2026-07-25","MTSUNL","ci:602155","Tom Alsop","WK","Y","21","10","1","2","210","caught","","0","0","0","0","","1","0","0","37","0","8","0","0","4","49","cricsheet · official","Y","6","✓ clean","✓ complete","COMPLETED","",""
"Match 5 — MTSUNL v MTSBR","2026-07-25","MTSUNL","ci:461632","Reece Topley","BOWL","N","","","","","","","","","","","","","","","","","","","","","","","cricsheet · official","Y","","","✓ complete","COMPLETED","",""
"Match 5 — MTSUNL v MTSBR","2026-07-25","MTSUNL","ci:1023361","Liam Patterson-White","AR","N","","","","","","","","","","","","","","","","","","","","","","","cricsheet · official","Y","","","✓ complete","COMPLETED","",""
"Match 5 — MTSUNL v MTSBR","2026-07-25","MTSUNL","ci:1264775","Tom Lawes","AR","N","","","","","","","","","","","","","","","","","","","","","","","cricsheet · official","Y","","","✓ complete","COMPLETED","",""
"Match 5 — MTSUNL v MTSBR","2026-07-25","MTSBR","ci:1096092","Jamie Smith","WK","Y","30","18","1","3","166.7","caught","","0","0","0","0","","0","0","0","56","0","0","0","0","4","60","cricsheet · official","Y","1","✓ clean","✓ complete","COMPLETED","",""
"Match 5 — MTSUNL v MTSBR","2026-07-25","MTSBR","ci:595978","Tristan Stubbs","BAT","Y","43","20","3","3","215","","","0","0","0","0","","1","0","0","77","0","8","0","0","4","89","cricsheet · official","Y","6","✓ clean","✓ complete","COMPLETED","",""
"Match 5 — MTSUNL v MTSBR","2026-07-25","MTSBR","ci:321777","David Miller","BAT","Y","9","7","1","0","128.6","caught","","0","0","0","0","","1","0","0","13","0","8","0","0","4","25","cricsheet · official","Y","4","✓ clean","✓ complete","COMPLETED","",""
"Match 5 — MTSUNL v MTSBR","2026-07-25","MTSBR","ci:325012","Marcus Stoinis","AR","Y","31","16","4","1","193.8","caught","2.5","0","3","29","1","11.6","0","0","0","57","41","0","0","0","4","102","cricsheet · official","Y","3","✓ clean","✓ complete","COMPLETED","",""
"Match 5 — MTSUNL v MTSBR","2026-07-25","MTSBR","ci:462727","Tom Abell","AR","N","","","","","","","","","","","","","","","","","","","","","","","cricsheet · official","Y","","","✓ complete","COMPLETED","",""
"Match 5 — MTSUNL v MTSBR","2026-07-25","MTSBR","ci:772293","Michael Pepper","WK","N","","","","","","","","","","","","","","","","","","","","","","","cricsheet · official","Y","","","✓ complete","COMPLETED","",""
"Match 5 — MTSUNL v MTSBR","2026-07-25","MTSBR","ci:288992","Chris Jordan","BOWL","Y","6","3","1","0","200","","3.3","0","7","29","1","8.7","1","0","0","10","37","8","0","0","4","59","cricsheet · official","Y","7","✓ clean","✓ complete","COMPLETED","",""
"Match 5 — MTSUNL v MTSBR","2026-07-25","MTSBR","ci:244497","Adil Rashid","BOWL","Y","0","0","0","0","","","3.3","0","10","21","3","6.3","0","0","0","0","108","0","0","0","4","112","cricsheet · official","Y","","✓ clean","✓ complete","COMPLETED","",""
"Match 5 — MTSUNL v MTSBR","2026-07-25","MTSBR","ci:669855","Jofra Archer","BOWL","Y","0","0","0","0","","","3.3","0","2","47","0","14.1","0","0","0","0","2","0","0","0","4","6","cricsheet · official","Y","","✓ clean","✓ complete","COMPLETED","",""
"Match 5 — MTSUNL v MTSBR","2026-07-25","MTSBR","ci:573170","Luke Wood","BOWL","Y","0","0","0","0","","","2.5","0","4","40","0","16","0","0","0","0","4","0","0","0","4","8","cricsheet · official","Y","","✓ clean","✓ complete","COMPLETED","",""
"Match 5 — MTSUNL v MTSBR","2026-07-25","MTSBR","ci:557298","Dan Worrall","BOWL","Y","0","0","0","0","","","1.7","0","3","20","0","12","1","0","0","0","3","8","0","0","4","15","cricsheet · official","Y","","✓ clean","✓ complete","COMPLETED","",""
"Match 5 — MTSUNL v MTSBR","2026-07-25","MTSBR","ci:1280097","Ben McKinney","BAT","Y","44","23","6","2","191.3","caught","","0","0","0","0","","0","0","0","84","0","0","0","0","4","88","cricsheet · official","Y","2","✓ clean","✓ complete","COMPLETED","",""
"Match 5 — MTSUNL v MTSBR","2026-07-25","MTSBR","ci:1079380","Nikhil Chaudhary","AR","Y","14","13","1","0","107.7","caught","","0","0","0","0","","0","0","0","18","0","0","0","0","4","22","cricsheet · official","Y","5","✓ clean","✓ complete","COMPLETED","",""
"Match 5 — MTSUNL v MTSBR","2026-07-25","MTSBR","ci:1379431","Thomas Rew","WK","N","","","","","","","","","","","","","","","","","","","","","","","cricsheet · official","Y","","","✓ complete","COMPLETED","",""
"Match 5 — MTSUNL v MTSBR","2026-07-25","MTSBR","ci:1434859","Caleb Falconer","BOWL","N","","","","","","","","","","","","","","","","","","","","","","","cricsheet · official","Y","","","✓ complete","COMPLETED","",""
"Match 5 — MTSUNL v MTSBR","2026-07-25","MTSUNL","slug:matthew-revis","Matthew Revis","BAT","Y","0","0","0","0","","","2.5","0","1","39","1","15.6","2","0","0","0","31","16","0","0","4","51","cricsheet · official","Y","","","⚠ revised: not in official XI","COMPLETED","",""
"Match 5 — MTSUNL v MTSBR","2026-07-25","MTSBR","slug:saif-zaib","Saif Zaib","BAT","N","","","","","","","","","","","","","","","","","","","","","","","cricsheet · official","Y","","","✓ complete","COMPLETED","",""
"Match 6 — MTWLF v MTMILO","2026-07-25","MTWLF","ci:669365","Phil Salt","WK","Y","6","11","1","0","54.5","caught","","0","0","0","0","","0","0","0","10","0","0","0","0","4","14","cricsheet · official","Y","1","✓ clean","✓ complete","COMPLETED","",""
"Match 6 — MTWLF v MTMILO","2026-07-25","MTWLF","ci:605575","Matthew Short","AR","Y","8","9","1","0","88.9","bowled","","0","0","0","0","","0","0","0","12","0","0","0","0","4","16","cricsheet · official","Y","2","✓ clean","✓ complete","COMPLETED","",""
"Match 6 — MTWLF v MTMILO","2026-07-25","MTWLF","ci:303669","Joe Root","BAT","Y","29","26","2","0","111.5","stumped","0.8","0","1","10","0","12","0","0","0","41","1","0","0","0","4","46","cricsheet · official","Y","3","✓ clean","✓ complete","COMPLETED","",""
"Match 6 — MTWLF v MTMILO","2026-07-25","MTWLF","ci:959767","Rachin Ravindra","AR","Y","98","44","7","7","222.7","caught","2.5","0","3","25","1","10","1","0","0","180","33","8","0","0","4","225","cricsheet · official","Y","4","✓ clean","✓ complete","COMPLETED","",""
"Match 6 — MTWLF v MTMILO","2026-07-25","MTWLF","ci:470633","Tom Kohler-Cadmore","BAT","N","","","","","","","","","","","","","","","","","","","","","","","cricsheet · official","Y","","","✓ complete","COMPLETED","",""
"Match 6 — MTWLF v MTMILO","2026-07-25","MTWLF","ci:247235","Chris Woakes","AR","Y","0","0","0","0","","","3.3","0","9","32","0","9.6","0","0","0","0","9","0","0","0","4","13","cricsheet · official","Y","","✓ clean","✓ complete","COMPLETED","",""
"Match 6 — MTWLF v MTMILO","2026-07-25","MTWLF","ci:696401","Marco Jansen","AR","Y","4","2","1","0","200","run out","3.3","0","10","37","0","11.1","0","0","0","8","10","0","0","0","4","22","cricsheet · official","Y","6","✓ clean","✓ complete","COMPLETED","",""
"Match 6 — MTWLF v MTMILO","2026-07-25","MTWLF","ci:1200126","Ben Kellaway","AR","Y","0","0","0","0","","","","0","0","0","0","","1","0","0","0","0","8","0","0","4","12","cricsheet · official","Y","","✓ clean","✓ complete","COMPLETED","",""
"Match 6 — MTWLF v MTMILO","2026-07-25","MTWLF","ci:493773","Lockie Ferguson","BOWL","Y","0","0","0","0","","","3.3","0","10","27","4","8.1","0","0","0","0","158","0","0","0","4","162","cricsheet · official","Y","","✓ clean","✓ complete","COMPLETED","",""
"Match 6 — MTWLF v MTMILO","2026-07-25","MTWLF","ci:772061","Sam Cook","BOWL","Y","0","0","0","0","","","3.3","0","8","19","1","5.7","0","0","0","0","38","0","0","0","4","42","cricsheet · official","Y","","✓ clean","✓ complete","COMPLETED","",""
"Match 6 — MTWLF v MTMILO","2026-07-25","MTWLF","ci:1152986","Jafer Chohan","BOWL","N","","","","","","","","","","","","","","","","","","","","","","","cricsheet · official","Y","","","✓ complete","COMPLETED","",""
"Match 6 — MTWLF v MTMILO","2026-07-25","MTWLF","ci:1112537","Jordan Cox","WK","Y","17","9","1","1","188.9","","","0","0","0","0","","1","0","0","27","0","8","0","0","4","39","cricsheet · official","Y","5","⚠ runs 17/18 (cricapi/ESPN)","✓ complete","COMPLETED","",""
"Match 6 — MTWLF v MTMILO","2026-07-25","MTWLF","ci:1195664","Asa Tribe","BAT","Y","0","0","0","0","","","","0","0","0","0","","1","0","0","0","0","8","0","0","4","12","cricsheet · official","Y","","✓ clean","✓ complete","COMPLETED","",""
"Match 6 — MTWLF v MTMILO","2026-07-25","MTWLF","ci:1260230","Tom Aspinwall","BOWL","N","","","","","","","","","","","","","","","","","","","","","","","cricsheet · official","Y","","","✓ complete","COMPLETED","",""
"Match 6 — MTWLF v MTMILO","2026-07-25","MTMILO","ci:298438","Jason Roy","BAT","Y","14","13","2","0","107.7","bowled","","0","0","0","0","","1","0","0","22","0","8","0","0","4","34","cricsheet · official","Y","3","✓ clean","✓ complete","COMPLETED","",""
"Match 6 — MTWLF v MTMILO","2026-07-25","MTMILO","ci:897549","Will Jacks","AR","Y","12","7","2","0","171.4","caught","2.5","0","4","26","0","10.4","0","0","0","20","4","0","0","0","4","28","cricsheet · official","Y","1","✓ clean","✓ complete","COMPLETED","",""
"Match 6 — MTWLF v MTMILO","2026-07-25","MTMILO","ci:296597","James Vince","BAT","Y","66","38","7","4","173.7","caught and bowled","","0","0","0","0","","0","0","0","126","0","0","0","0","4","130","cricsheet · official","Y","2","✓ clean","✓ complete","COMPLETED","",""
"Match 6 — MTWLF v MTMILO","2026-07-25","MTMILO","ci:604302","Nicholas Pooran","WK","Y","17","12","3","0","141.7","caught","","0","0","0","0","","0","1","0","29","0","12","0","0","4","45","cricsheet · official","Y","5","⚠ runs 17/18 (cricapi/ESPN)","✓ complete","COMPLETED","",""
"Match 6 — MTWLF v MTMILO","2026-07-25","MTMILO","ci:914541","Sherfane Rutherford","AR","Y","24","18","2","1","133.3","","","0","0","0","0","","1","0","0","38","0","8","0","0","4","50","cricsheet · official","Y","6","✓ clean","✓ complete","COMPLETED","",""
"Match 6 — MTWLF v MTMILO","2026-07-25","MTMILO","ci:662973","Sam Curran","AR","Y","0","1","0","0","0","caught","2.5","0","1","28","0","11.2","0","0","0","-2","1","0","0","0","4","3","cricsheet · official","Y","4","✓ clean","✓ complete","COMPLETED","",""
"Match 6 — MTWLF v MTMILO","2026-07-25","MTMILO","ci:550235","Tom Curran","AR","Y","10","11","1","0","90.9","bowled","2.5","0","5","28","1","11.2","0","0","0","14","35","0","0","0","4","53","cricsheet · official","Y","7","✓ clean","✓ complete","COMPLETED","",""
"Match 6 — MTWLF v MTMILO","2026-07-25","MTMILO","ci:793463","Rashid Khan","AR","Y","0","1","0","0","0","","2.5","0","4","27","1","10.8","0","0","0","0","34","0","0","0","4","38","cricsheet · official","Y","8","✓ clean","✓ complete","COMPLETED","",""
"Match 6 — MTWLF v MTMILO","2026-07-25","MTMILO","ci:277912","Trent Boult","BOWL","Y","0","0","0","0","","","3.3","0","11","16","1","4.8","0","0","1","0","41","12","0","0","4","57","cricsheet · official","Y","","✓ clean","✓ complete","COMPLETED","",""
"Match 6 — MTWLF v MTMILO","2026-07-25","MTMILO","ci:473191","Richard Gleeson","BOWL","Y","0","0","0","0","","","3.3","0","8","40","1","12","0","0","0","0","46","0","0","0","4","50","cricsheet · official","Y","","✓ clean","✓ complete","COMPLETED","",""
"Match 6 — MTWLF v MTMILO","2026-07-25","MTMILO","ci:457279","Olly Stone","BOWL","N","","","","","","","","","","","","","","","","","","","","","","","cricsheet · official","Y","","","✓ complete","COMPLETED","",""
"Match 6 — MTWLF v MTMILO","2026-07-25","MTMILO","ci:887207","Ollie Pope","BAT","N","","","","","","","","","","","","","","","","","","","","","","","cricsheet · official","Y","","","✓ complete","COMPLETED","",""
"Match 6 — MTWLF v MTMILO","2026-07-25","MTMILO","ci:789729","Callum Parkinson","BOWL","N","","","","","","","","","","","","","","","","","","","","","","","cricsheet · official","Y","","","✓ complete","COMPLETED","",""
"Match 6 — MTWLF v MTMILO","2026-07-25","MTMILO","ci:747315","Nathan Sowter","BOWL","Y","0","0","0","0","","","","0","0","0","0","","0","0","0","0","0","0","0","0","4","4","cricsheet · official","Y","","","✓ complete","COMPLETED","",""
"Match 6 — MTWLF v MTMILO","2026-07-25","MTMILO","ci:1396331","Ollie Sykes","AR","N","","","","","","","","","","","","","","","","","","","","","","","cricsheet · official","Y","","","✓ complete","COMPLETED","",""
"Match 7 — MTMSG v MTBPH","2026-07-26","MTMSG","ci:308967","Jos Buttler","WK","Y","90","50","7","5","180","caught","","0","0","0","0","","0","1","0","160","0","12","0","0","4","176","cricsheet · official","Y","3","✓ clean","✓ complete","COMPLETED","",""
"Match 7 — MTMSG v MTBPH","2026-07-26","MTMSG","ci:600498","Aiden Markram","BAT","Y","6","9","0","0","66.7","caught and bowled","","0","0","0","0","","0","0","0","6","0","0","0","0","4","10","cricsheet · official","Y","1","✓ clean","✓ complete","COMPLETED","",""
"Match 7 — MTMSG v MTBPH","2026-07-26","MTMSG","ci:595739","Leus du Plooy","BAT","Y","13","8","2","0","162.5","run out","","0","0","0","0","","1","0","0","21","0","8","0","0","4","33","cricsheet · official","Y","5","✓ clean","✓ complete","COMPLETED","",""
"Match 7 — MTMSG v MTBPH","2026-07-26","MTMSG","ci:436757","Heinrich Klaasen","WK","Y","20","11","3","0","181.8","caught","","0","0","0","0","","0","0","0","32","0","0","0","0","4","36","cricsheet · official","Y","4","✓ clean","✓ complete","COMPLETED","",""
"Match 7 — MTMSG v MTBPH","2026-07-26","MTMSG","ci:211855","Liam Dawson","AR","Y","6","3","1","0","200","","2.8","0","10","15","3","5.29","0","0","0","10","108","0","0","0","4","122","cricsheet · official","Y","7","✓ clean","✓ complete","COMPLETED","",""
"Match 7 — MTMSG v MTBPH","2026-07-26","MTMSG","ci:909225","Paul Walter","AR","N","","","","","","","","","","","","","","","","","","","","","","","cricsheet · official","Y","","","✓ complete","COMPLETED","",""
"Match 7 — MTMSG v MTBPH","2026-07-26","MTMSG","ci:1126982","Gus Atkinson","BOWL","Y","0","0","0","0","","","3.3","0","11","20","1","6","2","0","0","0","41","16","0","0","4","61","cricsheet · official","Y","","✓ clean","✓ complete","COMPLETED","",""
"Match 7 — MTMSG v MTBPH","2026-07-26","MTMSG","ci:1150772","Tom Hartley","BOWL","N","","","","","","","","","","","","","","","","","","","","","","","cricsheet · official","Y","","","✓ complete","COMPLETED","",""
"Match 7 — MTMSG v MTBPH","2026-07-26","MTMSG","ci:1182529","Noor Ahmad","BOWL","Y","0","0","0","0","","","3.3","0","10","16","2","4.8","0","0","0","0","82","0","0","0","4","86","cricsheet · official","Y","","✓ clean","✓ complete","COMPLETED","",""
"Match 7 — MTMSG v MTBPH","2026-07-26","MTMSG","ci:857975","Josh Tongue","BOWL","Y","0","0","0","0","","","3.3","0","13","21","2","6.3","0","0","0","0","93","0","0","0","4","97","cricsheet · official","Y","","✓ clean","✓ complete","COMPLETED","",""
"Match 7 — MTMSG v MTBPH","2026-07-26","MTMSG","ci:1191192","Sonny Baker","BOWL","Y","0","0","0","0","","","3.3","0","10","25","2","7.5","1","0","0","0","82","8","0","0","4","94","cricsheet · official","Y","","✓ clean","✓ complete","COMPLETED","",""
"Match 7 — MTMSG v MTBPH","2026-07-26","MTMSG","ci:625964","Tim Seifert","WK","Y","1","2","0","0","50","caught","","0","0","0","0","","1","0","0","1","0","8","0","0","4","13","cricsheet · official","Y","2","✓ clean","✓ complete","COMPLETED","",""
"Match 7 — MTMSG v MTBPH","2026-07-26","MTMSG","ci:641387","Max Holden","BAT","N","","","","","","","","","","","","","","","","","","","","","","","cricsheet · official","Y","","","✓ complete","COMPLETED","",""
"Match 7 — MTMSG v MTBPH","2026-07-26","MTMSG","ci:1260386","Tawanda Muyeye","BAT","N","","","","","","","","","","","","","","","","","","","","","","","cricsheet · official","Y","","","✓ complete","COMPLETED","",""
"Match 7 — MTMSG v MTBPH","2026-07-26","MTMSG","ci:788101","Tom Moores","WK","Y","39","17","1","5","229.4","","","0","0","0","0","","0","0","0","77","0","0","0","0","4","81","cricsheet · official","Y","6","✓ clean","✓ complete","COMPLETED","",""
"Match 7 — MTMSG v MTBPH","2026-07-26","MTMSG","ci:857979","George Scrimshaw","BOWL","N","","","","","","","","","","","","","","","","","","","","","","","cricsheet · official","Y","","","✓ complete","COMPLETED","",""
"Match 7 — MTMSG v MTBPH","2026-07-26","MTBPH","ci:1099224","Will Smeed","BAT","Y","8","8","2","0","100","bowled","","0","0","0","0","","0","0","0","16","0","0","0","0","4","20","cricsheet · official","Y","2","✓ clean","✓ complete","COMPLETED","",""
"Match 7 — MTMSG v MTBPH","2026-07-26","MTBPH","ci:571911","Joe Clarke","WK","Y","20","17","3","0","117.6","stumped","","0","0","0","0","","1","0","0","32","0","8","0","0","4","44","cricsheet · official","Y","1","✓ clean","✓ complete","COMPLETED","",""
"Match 7 — MTMSG v MTBPH","2026-07-26","MTBPH","ci:1194959","Jacob Bethell","AR","N","","","","","","","","","","","","","","","","","","","","","","","cricsheet · official","Y","","","✓ complete","COMPLETED","",""
"Match 7 — MTMSG v MTBPH","2026-07-26","MTBPH","ci:256956","Laurie Evans","BAT","Y","13","13","2","0","100","caught","","0","0","0","0","","0","0","0","21","0","0","0","0","4","25","cricsheet · official","Y","4","✓ clean","✓ complete","COMPLETED","",""
"Match 7 — MTMSG v MTBPH","2026-07-26","MTBPH","ci:698315","Donovan Ferreira","WK","Y","23","25","2","1","92","caught","1.7","0","1","15","0","9","1","0","1","37","1","14","0","0","4","56","cricsheet · official","Y","5","✓ clean","✓ complete","COMPLETED","",""
"Match 7 — MTMSG v MTBPH","2026-07-26","MTBPH","ci:1213979","Mitchell Owen","AR","Y","13","7","1","1","185.7","caught","","0","0","0","0","","0","0","1","23","0","6","0","0","4","33","cricsheet · official","Y","6","✓ clean","✓ complete","COMPLETED","",""
"Match 7 — MTMSG v MTBPH","2026-07-26","MTBPH","ci:1263691","Rehan Ahmed","AR","Y","0","1","0","0","0","bowled","3.3","0","5","43","2","12.9","1","0","0","-2","69","8","0","0","4","79","cricsheet · official","Y","3","✓ clean","✓ complete","COMPLETED","",""
"Match 7 — MTMSG v MTBPH","2026-07-26","MTBPH","ci:1104697","Scott Currie","AR","Y","14","11","2","0","127.3","","2.5","0","5","28","0","11.2","0","0","0","22","5","0","0","0","4","31","cricsheet · official","Y","9","✓ clean","✓ complete","COMPLETED","",""
"Match 7 — MTMSG v MTBPH","2026-07-26","MTBPH","ci:643885","Saqib Mahmood","BOWL","Y","0","1","0","0","0","bowled","3.3","0","5","33","1","9.9","0","0","0","0","35","0","0","0","4","39","cricsheet · official","Y","10","✓ clean","✓ complete","COMPLETED","",""
"Match 7 — MTMSG v MTBPH","2026-07-26","MTBPH","ci:330902","Mustafizur Rahman","BOWL","N","","","","","","","","","","","","","","","","","","","","","","","cricsheet · official","Y","","","✓ complete","COMPLETED","",""
"Match 7 — MTMSG v MTBPH","2026-07-26","MTBPH","ci:1333415","Usman Tariq","BOWL","Y","2","7","0","0","28.6","caught","2.5","0","3","29","0","11.6","0","0","0","2","3","0","0","0","4","9","cricsheet · official","Y","11","✓ clean","✓ complete","COMPLETED","",""
"Match 7 — MTMSG v MTBPH","2026-07-26","MTBPH","ci:766809","Jordan Thompson","AR","N","","","","","","","","","","","","","","","","","","","","","","","cricsheet · official","Y","","","✓ complete","COMPLETED","",""
"Match 7 — MTMSG v MTBPH","2026-07-26","MTBPH","ci:310525","Chris Wood","BOWL","N","","","","","","","","","","","","","","","","","","","","","","","cricsheet · official","Y","","","✓ complete","COMPLETED","",""
"Match 7 — MTMSG v MTBPH","2026-07-26","MTBPH","ci:1150964","Ethan Brookes","AR","N","","","","","","","","","","","","","","","","","","","","","","","cricsheet · official","Y","","","✓ complete","COMPLETED","",""
"Match 7 — MTMSG v MTBPH","2026-07-26","MTBPH","ci:679567","Ben Dwarshuis","BAT","Y","0","1","0","0","0","bowled","3.3","0","7","33","1","9.9","1","0","0","-2","37","8","0","0","4","47","cricsheet · official","Y","8","✓ clean","✓ complete","COMPLETED","",""
"Match 7 — MTMSG v MTBPH","2026-07-26","MTBPH","slug:sean-dickson","Sean Dickson","BAT","Y","2","6","0","0","33.3","caught","","0","0","0","0","","0","0","0","2","0","0","0","0","4","6","cricsheet · official","Y","7","","⚠ revised: not in official XI","COMPLETED","",""
"Match 8 — MTTRR v MTLSP","2026-07-26","MTTRR","ci:959759","Finn Allen","BAT","Y","0","5","0","0","0","caught","","0","0","0","0","","0","0","1","-2","0","6","0","0","4","8","cricsheet · official","Y","2","✓ clean","✓ complete","COMPLETED","",""
"Match 8 — MTTRR v MTLSP","2026-07-26","MTTRR","ci:521637","Ben Duckett","BAT","Y","75","47","12","2","159.6","caught","","0","0","0","0","","1","0","0","147","0","8","0","0","4","159","cricsheet · official","Y","1","✓ clean","✓ complete","COMPLETED","",""
"Match 8 — MTTRR v MTLSP","2026-07-26","MTTRR","ci:877051","Tom Banton","WK","Y","22","14","2","1","157.1","caught","","0","0","0","0","","0","0","0","36","0","0","0","0","4","40","cricsheet · official","Y","3","✓ clean","✓ complete","COMPLETED","",""
"Match 8 — MTTRR v MTLSP","2026-07-26","MTTRR","ci:297628","Sam Billings","WK","Y","22","10","1","2","220","caught","","0","0","0","0","","1","0","1","38","0","14","0","0","4","56","cricsheet · official","Y","5","✓ clean","✓ complete","COMPLETED","",""
"Match 8 — MTTRR v MTLSP","2026-07-26","MTTRR","ci:892749","Tim David","AR","Y","9","10","0","0","90","caught","","0","0","0","0","","0","0","0","9","0","0","0","0","4","13","cricsheet · official","Y","4","✓ clean","✓ complete","COMPLETED","",""
"Match 8 — MTTRR v MTLSP","2026-07-26","MTTRR","ci:362201","Lewis Gregory","AR","Y","1","3","0","0","33.3","caught","2.5","0","8","17","1","6.8","0","0","0","1","46","0","0","0","4","51","cricsheet · official","Y","7","✓ clean","✓ complete","COMPLETED","",""
"Match 8 — MTTRR v MTLSP","2026-07-26","MTTRR","ci:1172968","Dan Mousley","AR","N","","","","","","","","","","","","","","","","","","","","","","","cricsheet · official","Y","","","✓ complete","COMPLETED","",""
"Match 8 — MTTRR v MTLSP","2026-07-26","MTTRR","ci:502714","Mitchell Santner","AR","Y","7","4","1","0","175","","2.5","0","5","21","1","8.4","2","0","0","11","35","16","0","0","4","66","cricsheet · official","Y","6","✓ clean","✓ complete","COMPLETED","",""
"Match 8 — MTTRR v MTLSP","2026-07-26","MTTRR","ci:464626","Craig Overton","BOWL","Y","20","6","0","2","333.3","","3.3","0","8","40","2","12","1","0","0","32","72","8","0","0","4","116","cricsheet · official","Y","8","✓ clean","✓ complete","COMPLETED","",""
"Match 8 — MTTRR v MTLSP","2026-07-26","MTTRR","ci:506612","Matt Henry","BOWL","Y","0","0","0","0","","","1.7","0","2","29","1","17.4","1","0","0","0","32","8","0","0","4","44","cricsheet · official","Y","","✓ clean","✓ complete","COMPLETED","",""
"Match 8 — MTTRR v MTLSP","2026-07-26","MTTRR","ci:290948","Mohammad Amir","BOWL","Y","0","0","0","0","","","3.3","0","9","25","1","7.5","0","0","0","0","39","0","0","0","4","43","cricsheet · official","Y","","✓ clean","✓ complete","COMPLETED","",""
"Match 8 — MTTRR v MTLSP","2026-07-26","MTTRR","ci:310107","Danny Briggs","BOWL","N","","","","","","","","","","","","","","","","","","","","","","","cricsheet · official","Y","","","✓ complete","COMPLETED","",""
"Match 8 — MTTRR v MTLSP","2026-07-26","MTTRR","ci:562281","Aneurin Donald","BAT","N","","","","","","","","","","","","","","","","","","","","","","","cricsheet · official","Y","","","✓ complete","COMPLETED","",""
"Match 8 — MTTRR v MTLSP","2026-07-26","MTTRR","ci:1000791","Brad Currie","BOWL","N","","","","","","","","","","","","","","","","","","","","","","","cricsheet · official","Y","","","✓ complete","COMPLETED","",""
"Match 8 — MTTRR v MTLSP","2026-07-26","MTTRR","ci:868843","Louis Kimber","BAT","N","","","","","","","","","","","","","","","","","","","","","","","cricsheet · official","Y","","","✓ complete","COMPLETED","",""
"Match 8 — MTTRR v MTLSP","2026-07-26","MTLSP","ci:297433","Jonny Bairstow","WK","Y","0","2","0","0","0","caught and bowled","","0","0","0","0","","1","0","0","-2","0","8","0","0","4","10","cricsheet · official","Y","2","✓ clean","✓ complete","COMPLETED","",""
"Match 8 — MTTRR v MTLSP","2026-07-26","MTLSP","ci:1070665","Dewald Brevis","BAT","Y","39","24","1","4","162.5","caught","","0","0","0","0","","1","0","0","71","0","8","0","0","4","83","cricsheet · official","Y","5","✓ clean","✓ complete","COMPLETED","",""
"Match 8 — MTTRR v MTLSP","2026-07-26","MTLSP","ci:403902","Liam Livingstone","AR","Y","33","24","3","1","137.5","caught","0.8","0","0","11","0","13.2","0","0","0","55","0","0","0","0","4","59","cricsheet · official","Y","4","✓ clean","✓ complete","COMPLETED","",""
"Match 8 — MTTRR v MTLSP","2026-07-26","MTLSP","ci:1385640","Lhuan-dre Pretorius","BAT","Y","24","14","2","2","171.4","caught","","0","0","0","0","","0","0","0","44","0","0","0","0","4","48","cricsheet · official","Y","1","✓ clean","✓ complete","COMPLETED","",""
"Match 8 — MTTRR v MTLSP","2026-07-26","MTLSP","ci:525992","Adam Hose","BAT","N","","","","","","","","","","","","","","","","","","","","","","","cricsheet · official","Y","","","✓ complete","COMPLETED","",""
"Match 8 — MTTRR v MTLSP","2026-07-26","MTLSP","ci:308251","David Willey","AR","Y","11","7","2","0","157.1","run out","3.3","0","14","24","1","7.2","0","0","0","19","44","0","0","0","4","67","cricsheet · official","Y","8","✓ clean","✓ complete","COMPLETED","",""
"Match 8 — MTTRR v MTLSP","2026-07-26","MTLSP","ci:510530","Jamie Overton","AR","Y","9","5","0","1","180","caught","3","0","5","30","1","10","0","0","0","15","35","0","0","0","4","54","cricsheet · official","Y","7","✓ clean","✓ complete","COMPLETED","",""
"Match 8 — MTTRR v MTLSP","2026-07-26","MTLSP","ci:1231590","James Coles","AR","Y","2","3","0","0","66.7","caught and bowled","","0","0","0","0","","2","0","0","2","0","16","0","0","4","22","cricsheet · official","Y","6","✓ clean","✓ complete","COMPLETED","",""
"Match 8 — MTTRR v MTLSP","2026-07-26","MTLSP","ci:379504","Adam Zampa","BOWL","Y","0","0","0","0","","","2.5","0","3","32","0","12.8","0","0","0","0","3","0","0","0","4","7","cricsheet · official","Y","","✓ clean","✓ complete","COMPLETED","",""
"Match 8 — MTTRR v MTLSP","2026-07-26","MTLSP","ci:450860","Adam Milne","BOWL","Y","1","1","0","0","100","","3.3","0","9","25","2","7.5","1","0","0","1","73","8","0","0","4","86","cricsheet · official","Y","10","✓ clean","✓ complete","COMPLETED","",""
"Match 8 — MTTRR v MTLSP","2026-07-26","MTLSP","ci:459257","Tymal Mills","BOWL","N","","","","","","","","","","","","","","","","","","","","","","","cricsheet · official","Y","","","✓ complete","COMPLETED","",""
"Match 8 — MTTRR v MTLSP","2026-07-26","MTLSP","ci:1184436","James Rew","WK","Y","26","15","5","0","173.3","caught","","0","0","0","0","","1","0","0","50","0","8","0","0","4","62","cricsheet · official","Y","3","✓ clean","✓ complete","COMPLETED","",""
"Match 8 — MTTRR v MTLSP","2026-07-26","MTLSP","ci:660889","Mason Crane","BOWL","N","","","","","","","","","","","","","","","","","","","","","","","cricsheet · official","Y","","","✓ complete","COMPLETED","",""
"Match 8 — MTTRR v MTLSP","2026-07-26","MTLSP","ci:1129635","Matthew Fisher","BOWL","N","","","","","","","","","","","","","","","","","","","","","","","cricsheet · official","Y","","","✓ complete","COMPLETED","",""
"Match 8 — MTTRR v MTLSP","2026-07-26","MTTRR","slug:calvin-harrison","Calvin Harrison","BAT","Y","0","0","0","0","","","3.3","0","3","25","2","7.5","1","0","0","0","67","8","0","0","4","79","cricsheet · official","Y","","","⚠ revised: not in official XI","COMPLETED","",""
"Match 8 — MTTRR v MTLSP","2026-07-26","MTLSP","ci:211855","Liam Dawson","BAT","N","","","","","","","","","","","","","","","","","","","","","","","cricsheet · official","Y","","","✓ complete","COMPLETED","",""
"Match 8 — MTTRR v MTLSP","2026-07-26","MTLSP","slug:andrew-tye","Andrew Tye","BOWL","Y","7","5","0","1","140","bowled","3.3","0","4","35","2","10.5","0","0","0","13","68","0","0","0","4","85","cricsheet · official","Y","9","","⚠ revised: not in official XI","COMPLETED","",""
"Match 9 — MTSBR v MTMILO","2026-07-27","MTSBR","ci:1096092","Jamie Smith","WK","Y","49","26","6","2","188.5","caught","","0","0","0","0","","1","0","1","89","0","14","0","0","4","107","cricsheet · official","Y","1","✓ clean","✓ complete","COMPLETED_FLAGGED","⚠ official revision pending",""
"Match 9 — MTSBR v MTMILO","2026-07-27","MTSBR","ci:595978","Tristan Stubbs","BAT","Y","38","31","3","1","122.6","caught","","0","0","0","0","","1","0","0","60","0","8","0","0","4","72","cricsheet · official","Y","4","✓ clean","✓ complete","COMPLETED_FLAGGED","⚠ official revision pending",""
"Match 9 — MTSBR v MTMILO","2026-07-27","MTSBR","ci:321777","David Miller","BAT","Y","8","11","0","0","72.7","caught","","0","0","0","0","","0","0","0","8","0","0","0","0","4","12","cricsheet · official","Y","5","✓ clean","✓ complete","COMPLETED_FLAGGED","⚠ official revision pending",""
"Match 9 — MTSBR v MTMILO","2026-07-27","MTSBR","ci:325012","Marcus Stoinis","AR","Y","5","9","1","0","55.6","caught","3.3","0","10","17","3","5.1","0","0","0","9","116","0","0","0","4","129","cricsheet · official","Y","3","✓ clean","✓ complete","COMPLETED_FLAGGED","⚠ official revision pending",""
"Match 9 — MTSBR v MTMILO","2026-07-27","MTSBR","ci:462727","Tom Abell","AR","N","","","","","","","","","","","","","","","","","","","","","","","cricsheet · official","Y","","","✓ complete","COMPLETED_FLAGGED","⚠ official revision pending",""
"Match 9 — MTSBR v MTMILO","2026-07-27","MTSBR","ci:772293","Michael Pepper","WK","N","","","","","","","","","","","","","","","","","","","","","","","cricsheet · official","Y","","","✓ complete","COMPLETED_FLAGGED","⚠ official revision pending",""
"Match 9 — MTSBR v MTMILO","2026-07-27","MTSBR","ci:288992","Chris Jordan","BOWL","Y","5","3","1","0","166.7","caught","3.3","0","4","34","0","10.2","0","0","1","9","4","12","0","0","4","29","cricsheet · official","Y","8","✓ clean","✓ complete","COMPLETED_FLAGGED","⚠ official revision pending",""
"Match 9 — MTSBR v MTMILO","2026-07-27","MTSBR","ci:244497","Adil Rashid","BOWL","Y","0","0","0","0","","","3.3","0","5","26","1","7.8","0","0","0","0","43","0","0","0","4","47","cricsheet · official","Y","","✓ clean","✓ complete","COMPLETED_FLAGGED","⚠ official revision pending",""
"Match 9 — MTSBR v MTMILO","2026-07-27","MTSBR","ci:669855","Jofra Archer","BOWL","Y","1","1","0","0","100","","3.3","0","9","20","0","6","0","0","1","1","9","6","0","0","4","20","cricsheet · official","Y","9","✓ clean","✓ complete","COMPLETED_FLAGGED","⚠ official revision pending",""
"Match 9 — MTSBR v MTMILO","2026-07-27","MTSBR","ci:573170","Luke Wood","BOWL","Y","0","1","0","0","0","run out","0.8","0","2","9","0","10.8","0","0","0","0","2","0","0","0","4","6","cricsheet · official","Y","10","✓ clean","✓ complete","COMPLETED_FLAGGED","⚠ official revision pending",""
"Match 9 — MTSBR v MTMILO","2026-07-27","MTSBR","ci:557298","Dan Worrall","BOWL","N","","","","","","","","","","","","","","","","","","","","","","","cricsheet · official","Y","","","✓ complete","COMPLETED_FLAGGED","⚠ official revision pending",""
"Match 9 — MTSBR v MTMILO","2026-07-27","MTSBR","ci:1280097","Ben McKinney","BAT","Y","0","2","0","0","0","caught","","0","0","0","0","","0","0","0","-2","0","0","0","0","4","2","cricsheet · official","Y","2","✓ clean","✓ complete","COMPLETED_FLAGGED","⚠ official revision pending",""
"Match 9 — MTSBR v MTMILO","2026-07-27","MTSBR","ci:1079380","Nikhil Chaudhary","AR","Y","13","9","2","0","144.4","caught","2.5","0","3","21","1","8.4","0","0","0","21","41","0","0","0","4","66","cricsheet · official","Y","6","✓ clean","✓ complete","COMPLETED_FLAGGED","⚠ official revision pending",""
"Match 9 — MTSBR v MTMILO","2026-07-27","MTSBR","ci:1379431","Thomas Rew","WK","N","","","","","","","","","","","","","","","","","","","","","","","cricsheet · official","Y","","","✓ complete","COMPLETED_FLAGGED","⚠ official revision pending",""
"Match 9 — MTSBR v MTMILO","2026-07-27","MTSBR","ci:1434859","Caleb Falconer","BOWL","N","","","","","","","","","","","","","","","","","","","","","","","cricsheet · official","Y","","","✓ complete","COMPLETED_FLAGGED","⚠ official revision pending",""
"Match 9 — MTSBR v MTMILO","2026-07-27","MTMILO","ci:298438","Jason Roy","BAT","N","","","","","","","","","","","","","","","","","","","","","","","cricsheet · official","Y","","","✓ complete","COMPLETED_FLAGGED","⚠ official revision pending",""
"Match 9 — MTSBR v MTMILO","2026-07-27","MTMILO","ci:897549","Will Jacks","AR","Y","54","41","3","2","131.7","lbw","0.8","0","2","3","0","3.6","2","0","0","86","2","16","0","0","4","108","cricsheet · official","Y","1","✓ clean","✓ complete","COMPLETED_FLAGGED","⚠ official revision pending","⚠ official revision"
"Match 9 — MTSBR v MTMILO","2026-07-27","MTMILO","ci:296597","James Vince","BAT","Y","0","2","0","0","0","caught","","0","0","0","0","","1","0","0","-2","0","8","0","0","4","10","cricsheet · official","Y","2","✓ clean","✓ complete","COMPLETED_FLAGGED","⚠ official revision pending","⚠ official revision"
"Match 9 — MTSBR v MTMILO","2026-07-27","MTMILO","ci:604302","Nicholas Pooran","WK","Y","0","1","0","0","0","caught","","0","0","0","0","","0","0","1","-2","0","6","0","0","4","8","cricsheet · official","Y","3","✓ clean","✓ complete","COMPLETED_FLAGGED","⚠ official revision pending",""
"Match 9 — MTSBR v MTMILO","2026-07-27","MTMILO","ci:914541","Sherfane Rutherford","AR","Y","21","12","2","2","175","run out","","0","0","0","0","","1","0","0","41","0","8","0","0","4","53","cricsheet · official","Y","5","✓ clean","✓ complete","COMPLETED_FLAGGED","⚠ official revision pending",""
"Match 9 — MTSBR v MTMILO","2026-07-27","MTMILO","ci:662973","Sam Curran","AR","Y","30","29","1","1","103.4","bowled","3.3","0","4","22","2","6.6","0","0","0","44","68","0","0","0","4","116","cricsheet · official","Y","4","✓ clean","✓ complete","COMPLETED_FLAGGED","⚠ official revision pending",""
"Match 9 — MTSBR v MTMILO","2026-07-27","MTMILO","ci:550235","Tom Curran","AR","Y","7","6","0","0","116.7","bowled","2.5","0","4","27","2","10.8","0","0","1","7","68","6","0","0","4","85","cricsheet · official","Y","6","✓ clean","✓ complete","COMPLETED_FLAGGED","⚠ official revision pending",""
"Match 9 — MTSBR v MTMILO","2026-07-27","MTMILO","ci:793463","Rashid Khan","AR","Y","4","3","0","0","133.3","run out","3.3","0","8","23","0","6.9","1","0","0","4","8","8","0","0","4","24","cricsheet · official","Y","8","✓ clean","✓ complete","COMPLETED_FLAGGED","⚠ official revision pending",""
"Match 9 — MTSBR v MTMILO","2026-07-27","MTMILO","ci:277912","Trent Boult","BOWL","Y","1","2","0","0","50","","3.3","0","13","15","2","4.5","0","0","0","1","77","0","0","0","4","82","cricsheet · official","Y","9","✓ clean","✓ complete","COMPLETED_FLAGGED","⚠ official revision pending",""
"Match 9 — MTSBR v MTMILO","2026-07-27","MTMILO","ci:473191","Richard Gleeson","BOWL","Y","0","0","0","0","","","2.5","0","4","29","2","11.6","0","0","0","0","68","0","0","0","4","72","cricsheet · official","Y","","✓ clean","✓ complete","COMPLETED_FLAGGED","⚠ official revision pending",""
"Match 9 — MTSBR v MTMILO","2026-07-27","MTMILO","ci:457279","Olly Stone","BOWL","N","","","","","","","","","","","","","","","","","","","","","","","cricsheet · official","Y","","","✓ complete","COMPLETED_FLAGGED","⚠ official revision pending",""
"Match 9 — MTSBR v MTMILO","2026-07-27","MTMILO","ci:887207","Ollie Pope","BAT","Y","6","4","0","0","150","","","0","0","0","0","","1","0","0","6","0","8","0","0","4","18","cricsheet · official","Y","7","✓ clean","✓ complete","COMPLETED_FLAGGED","⚠ official revision pending",""
"Match 9 — MTSBR v MTMILO","2026-07-27","MTMILO","ci:789729","Callum Parkinson","BOWL","N","","","","","","","","","","","","","","","","","","","","","","","cricsheet · official","Y","","","✓ complete","COMPLETED_FLAGGED","⚠ official revision pending",""
"Match 9 — MTSBR v MTMILO","2026-07-27","MTMILO","ci:747315","Nathan Sowter","BOWL","Y","0","0","0","0","","","0.8","0","1","9","0","10.8","2","0","0","0","1","16","0","0","4","21","cricsheet · official","Y","","✓ clean","✓ complete","COMPLETED_FLAGGED","⚠ official revision pending",""
"Match 9 — MTSBR v MTMILO","2026-07-27","MTMILO","ci:1396331","Ollie Sykes","AR","N","","","","","","","","","","","","","","","","","","","","","","","cricsheet · official","Y","","","✓ complete","COMPLETED_FLAGGED","⚠ official revision pending",""
"Match 9 — MTSBR v MTMILO","2026-07-27","MTSBR","slug:saif-zaib","Saif Zaib","BAT","Y","6","7","0","0","85.7","caught","","0","0","0","0","","0","0","0","6","0","0","0","0","4","10","cricsheet · official","Y","7","","⚠ revised: not in official XI","COMPLETED_FLAGGED","⚠ official revision pending",""
"Match 10 — MTSUNL v MTMSG","2026-07-28","MTSUNL","ci:665053","Zak Crawley","BAT","Y","56","34","5","3","164.7","","","0","0","0","0","","0","0","0","102","0","0","0","0","4","106","cricsheet · official","Y","3","✓ clean","✓ complete","COMPLETED","",""
"Match 10 — MTSUNL v MTMSG","2026-07-28","MTSUNL","ci:605661","Ryan Rickelton","WK","Y","13","11","1","1","118.2","caught","","0","0","0","0","","0","0","0","23","0","0","0","0","4","27","cricsheet · official","Y","2","✓ clean","✓ complete","COMPLETED","",""
"Match 10 — MTSUNL v MTMSG","2026-07-28","MTSUNL","ci:911707","Harry Brook","BAT","Y","42","17","0","6","247.1","","","0","0","0","0","","0","0","0","82","0","0","0","0","4","86","cricsheet · official","Y","4","✓ clean","✓ complete","COMPLETED","",""
"Match 10 — MTSUNL v MTMSG","2026-07-28","MTSUNL","ci:272450","Mitchell Marsh","AR","Y","63","26","6","5","242.3","bowled","","0","0","0","0","","0","0","0","125","0","0","0","0","4","129","cricsheet · official","Y","1","✓ clean","✓ complete","COMPLETED","",""
"Match 10 — MTSUNL v MTMSG","2026-07-28","MTSUNL","ci:641423","Dan Lawrence","BAT","Y","0","0","0","0","","","0.8","0","1","4","0","4.8","0","0","0","0","1","0","0","0","4","5","cricsheet · official","Y","","✓ clean","✓ complete","COMPLETED","",""
"Match 10 — MTSUNL v MTMSG","2026-07-28","MTSUNL","ci:578769","Ed Barnard","AR","N","","","","","","","","","","","","","","","","","","","","","","","cricsheet · official","Y","","","⚠ revised: not in official XI","COMPLETED","",""
"Match 10 — MTSUNL v MTMSG","2026-07-28","MTSUNL","ci:211748","Benny Howell","AR","N","","","","","","","","","","","","","","","","","","","","","","","cricsheet · official","Y","","","✓ complete","COMPLETED","",""
"Match 10 — MTSUNL v MTMSG","2026-07-28","MTSUNL","ci:596417","Brydon Carse","BOWL","Y","0","0","0","0","","","3.3","0","6","47","1","14.1","0","0","0","0","36","0","0","0","4","40","cricsheet · official","Y","","✓ clean","✓ complete","COMPLETED","",""
"Match 10 — MTSUNL v MTMSG","2026-07-28","MTSUNL","ci:826915","Nathan Ellis","BOWL","Y","0","0","0","0","","","3.3","0","6","32","2","9.6","0","0","0","0","70","0","0","0","4","74","cricsheet · official","Y","","✓ clean","✓ complete","COMPLETED","",""
"Match 10 — MTSUNL v MTMSG","2026-07-28","MTSUNL","ci:734459","Abrar Ahmed","BOWL","Y","0","0","0","0","","","3.3","0","2","43","0","12.9","0","0","0","0","2","0","0","0","4","6","cricsheet · official","Y","","✓ clean","✓ complete","COMPLETED","",""
"Match 10 — MTSUNL v MTMSG","2026-07-28","MTSUNL","ci:1027781","Matthew Potts","BOWL","Y","0","0","0","0","","","3.3","0","8","33","0","9.9","1","0","0","0","8","8","0","0","4","20","cricsheet · official","Y","","✓ clean","✓ complete","COMPLETED","",""
"Match 10 — MTSUNL v MTMSG","2026-07-28","MTSUNL","ci:602155","Tom Alsop","WK","Y","0","0","0","0","","","","0","0","0","0","","0","0","0","0","0","0","0","0","4","4","cricsheet · official","Y","","","✓ complete","COMPLETED","",""
"Match 10 — MTSUNL v MTMSG","2026-07-28","MTSUNL","ci:461632","Reece Topley","BOWL","N","","","","","","","","","","","","","","","","","","","","","","","cricsheet · official","Y","","","✓ complete","COMPLETED","",""
"Match 10 — MTSUNL v MTMSG","2026-07-28","MTSUNL","ci:1023361","Liam Patterson-White","AR","N","","","","","","","","","","","","","","","","","","","","","","","cricsheet · official","Y","","","✓ complete","COMPLETED","",""
"Match 10 — MTSUNL v MTMSG","2026-07-28","MTSUNL","ci:1264775","Tom Lawes","AR","N","","","","","","","","","","","","","","","","","","","","","","","cricsheet · official","Y","","","✓ complete","COMPLETED","",""
"Match 10 — MTSUNL v MTMSG","2026-07-28","MTMSG","ci:308967","Jos Buttler","WK","Y","63","33","5","4","190.9","","","0","0","0","0","","0","0","0","115","0","0","0","0","4","119","cricsheet · official","Y","3","✓ clean","✓ complete","COMPLETED","",""
"Match 10 — MTSUNL v MTMSG","2026-07-28","MTMSG","ci:600498","Aiden Markram","BAT","Y","32","23","4","0","139.1","caught","","0","0","0","0","","0","0","0","52","0","0","0","0","4","56","cricsheet · official","Y","2","✓ clean","✓ complete","COMPLETED","",""
"Match 10 — MTSUNL v MTMSG","2026-07-28","MTMSG","ci:595739","Leus du Plooy","BAT","Y","0","0","0","0","","","","0","0","0","0","","0","0","0","0","0","0","0","0","4","4","cricsheet · official","Y","","","✓ complete","COMPLETED","",""
"Match 10 — MTSUNL v MTMSG","2026-07-28","MTMSG","ci:436757","Heinrich Klaasen","WK","Y","53","27","5","3","196.3","caught","","0","0","0","0","","0","0","0","99","0","0","0","0","4","103","cricsheet · official","Y","4","✓ clean","✓ complete","COMPLETED","",""
"Match 10 — MTSUNL v MTMSG","2026-07-28","MTMSG","ci:211855","Liam Dawson","AR","Y","0","0","0","0","","","2.5","0","3","42","0","16.8","0","0","0","0","3","0","0","0","4","7","cricsheet · official","Y","","✓ clean","✓ complete","COMPLETED","",""
"Match 10 — MTSUNL v MTMSG","2026-07-28","MTMSG","ci:909225","Paul Walter","AR","N","","","","","","","","","","","","","","","","","","","","","","","cricsheet · official","Y","","","✓ complete","COMPLETED","",""
"Match 10 — MTSUNL v MTMSG","2026-07-28","MTMSG","ci:1126982","Gus Atkinson","BOWL","Y","0","0","0","0","","","3.3","0","11","29","0","8.7","0","0","0","0","11","0","0","0","4","15","cricsheet · official","Y","","✓ clean","✓ complete","COMPLETED","",""
"Match 10 — MTSUNL v MTMSG","2026-07-28","MTMSG","ci:1150772","Tom Hartley","BOWL","N","","","","","","","","","","","","","","","","","","","","","","","cricsheet · official","Y","","","✓ complete","COMPLETED","",""
"Match 10 — MTSUNL v MTMSG","2026-07-28","MTMSG","ci:1182529","Noor Ahmad","BOWL","Y","0","0","0","0","","","3","0","3","37","0","12.33","0","0","0","0","3","0","0","0","4","7","cricsheet · official","Y","","✓ clean","✓ complete","COMPLETED","",""
"Match 10 — MTSUNL v MTMSG","2026-07-28","MTMSG","ci:857975","Josh Tongue","BOWL","Y","0","0","0","0","","","2.5","0","5","40","1","16","0","0","0","0","35","0","0","0","4","39","cricsheet · official","Y","","✓ clean","✓ complete","COMPLETED","",""
"Match 10 — MTSUNL v MTMSG","2026-07-28","MTMSG","ci:1191192","Sonny Baker","BOWL","Y","0","0","0","0","","","3.3","0","6","30","1","9","0","0","0","0","44","0","0","0","4","48","cricsheet · official","Y","","✓ clean","✓ complete","COMPLETED","",""
"Match 10 — MTSUNL v MTMSG","2026-07-28","MTMSG","ci:625964","Tim Seifert","WK","Y","28","16","3","2","175","caught","","0","0","0","0","","0","0","0","56","0","0","0","0","4","60","cricsheet · official","Y","1","✓ clean","✓ complete","COMPLETED","",""
"Match 10 — MTSUNL v MTMSG","2026-07-28","MTMSG","ci:641387","Max Holden","BAT","N","","","","","","","","","","","","","","","","","","","","","","","cricsheet · official","Y","","","✓ complete","COMPLETED","",""
"Match 10 — MTSUNL v MTMSG","2026-07-28","MTMSG","ci:1260386","Tawanda Muyeye","BAT","N","","","","","","","","","","","","","","","","","","","","","","","cricsheet · official","Y","","","✓ complete","COMPLETED","",""
"Match 10 — MTSUNL v MTMSG","2026-07-28","MTMSG","ci:788101","Tom Moores","WK","Y","0","1","0","0","0","","","0","0","0","0","","1","0","0","0","0","8","0","0","4","12","cricsheet · official","Y","5","✓ clean","✓ complete","COMPLETED","",""
"Match 10 — MTSUNL v MTMSG","2026-07-28","MTMSG","ci:857979","George Scrimshaw","BOWL","N","","","","","","","","","","","","","","","","","","","","","","","cricsheet · official","Y","","","✓ complete","COMPLETED","",""
"Match 10 — MTSUNL v MTMSG","2026-07-28","MTSUNL","slug:matthew-revis","Matthew Revis","BAT","Y","0","0","0","0","","","2.5","0","2","21","0","8.4","1","0","0","0","2","8","0","0","4","14","cricsheet · official","Y","","","⚠ revised: not in official XI","COMPLETED","",""