Match,Date,Team,Player ID,Full Name,Role,Played,Runs,Balls,4s,6s,SR,Dismissal,Overs,Maidens,Dots,Runs Conceded,Wickets,Econ,Catches,Stumpings,Run Outs,Pts Bat,Pts Bowl,Pts Field,Pts SR,Pts Econ,Pts XI,Fantasy Points,Source,In Squad List,Bat Order,L1 Recon,L2 Recon,Match Status,Recon Flag,Player Recon
Match 1 — MTMILO v MTSUNL,2026-07-21,MTMILO,slug:jason-roy,Jason Roy,BAT,Y,0,2,0,0,0.0,c Mitchell Marsh b Brydon Carse,,0,0,0,0,,1,0,0,-2,0,8,0,0,4,10,"cricapi + ESPN dots/XI · ⏳ provisional (dots unverified, awaiting cricsheet)",Y,3,,⏳ pending official,COMPLETED,,
Match 1 — MTMILO v MTSUNL,2026-07-21,MTMILO,9caf69a1,Will Jacks,AR,Y,2,3,0,0,66.7,c Howell b Brydon Carse,,0,0,0,0,,0,0,0,2,0,0,0,0,4,6,"cricapi + ESPN dots/XI · ⏳ provisional (dots unverified, awaiting cricsheet)",Y,1,,⏳ pending official,COMPLETED,,
Match 1 — MTMILO v MTSUNL,2026-07-21,MTMILO,a15618fe,James Vince,BAT,Y,17,18,2,0,94.4,b Nathan Ellis,,0,0,0,0,,0,0,0,25,0,0,0,0,4,29,"cricapi + ESPN dots/XI · ⏳ provisional (dots unverified, awaiting cricsheet)",Y,2,,⏳ pending official,COMPLETED,,
Match 1 — MTMILO v MTSUNL,2026-07-21,MTMILO,3241e3fd,Nicholas Pooran,WK,Y,58,22,5,5,263.6,,,0,0,0,0,,2,0,1,116,0,22,6,0,4,148,"cricapi + ESPN dots/XI · ⏳ provisional (dots unverified, awaiting cricsheet)",Y,5,✓ clean,⏳ pending official,COMPLETED,,
Match 1 — MTMILO v MTSUNL,2026-07-21,MTMILO,slug:sherfane-rutherford,Sherfane Rutherford,AR,N,,,,,,,,,,,,,,,,,,,,,,,"cricapi + ESPN dots/XI · ⏳ provisional (dots unverified, awaiting cricsheet)",Y,,,⏳ pending official,COMPLETED,,
Match 1 — MTMILO v MTSUNL,2026-07-21,MTMILO,e94915e6,Sam Curran,AR,Y,60,39,5,3,153.8,,,0,4,27,2,,1,0,0,106,0,8,4,0,4,122,"cricapi + ESPN dots/XI · ⏳ provisional (dots unverified, awaiting cricsheet)",Y,4,,⏳ pending official,COMPLETED,,
Match 1 — MTMILO v MTSUNL,2026-07-21,MTMILO,slug:tom-curran,Tom Curran,AR,Y,0,0,0,0,,,,0,3,28,1,,0,0,0,0,0,0,0,0,4,4,"cricapi + ESPN dots/XI · ⏳ provisional (dots unverified, awaiting cricsheet)",Y,,,⏳ pending official,COMPLETED,,
Match 1 — MTMILO v MTSUNL,2026-07-21,MTMILO,slug:rashid-khan,Rashid Khan,AR,Y,0,0,0,0,,,,0,7,34,1,,1,0,0,0,0,8,0,0,4,12,"cricapi + ESPN dots/XI · ⏳ provisional (dots unverified, awaiting cricsheet)",Y,,,⏳ pending official,COMPLETED,,
Match 1 — MTMILO v MTSUNL,2026-07-21,MTMILO,a818c1be,Trent Boult,BOWL,Y,0,0,0,0,,,,0,8,17,1,,0,0,1,0,0,6,0,0,4,10,"cricapi + ESPN dots/XI · ⏳ provisional (dots unverified, awaiting cricsheet)",Y,,✓ clean,⏳ pending official,COMPLETED,,
Match 1 — MTMILO v MTSUNL,2026-07-21,MTMILO,402f8494,Richard Gleeson,BOWL,Y,0,0,0,0,,,,0,9,25,4,,0,0,0,0,0,0,0,0,4,4,"cricapi + ESPN dots/XI · ⏳ provisional (dots unverified, awaiting cricsheet)",Y,,,⏳ pending official,COMPLETED,,
Match 1 — MTMILO v MTSUNL,2026-07-21,MTMILO,3f659464,Olly Stone,BOWL,N,,,,,,,,,,,,,,,,,,,,,,,"cricapi + ESPN dots/XI · ⏳ provisional (dots unverified, awaiting cricsheet)",Y,,,⏳ pending official,COMPLETED,,
Match 1 — MTMILO v MTSUNL,2026-07-21,MTMILO,slug:ollie-pope,Ollie Pope,BAT,N,,,,,,,,,,,,,,,,,,,,,,,"cricapi + ESPN dots/XI · ⏳ provisional (dots unverified, awaiting cricsheet)",Y,,,⏳ pending official,COMPLETED,,
Match 1 — MTMILO v MTSUNL,2026-07-21,MTMILO,slug:callum-parkinson,Callum Parkinson,BOWL,N,,,,,,,,,,,,,,,,,,,,,,,"cricapi + ESPN dots/XI · ⏳ provisional (dots unverified, awaiting cricsheet)",Y,,,⏳ pending official,COMPLETED,,
Match 1 — MTMILO v MTSUNL,2026-07-21,MTMILO,ee0c05c0,Nathan Sowter,BOWL,Y,0,0,0,0,,,,0,5,11,0,,2,0,0,0,0,16,0,0,4,20,"cricapi + ESPN dots/XI · ⏳ provisional (dots unverified, awaiting cricsheet)",Y,,,⏳ pending official,COMPLETED,,
Match 1 — MTMILO v MTSUNL,2026-07-21,MTMILO,slug:ollie-sykes,Ollie Sykes,AR,N,,,,,,,,,,,,,,,,,,,,,,,"cricapi + ESPN dots/XI · ⏳ provisional (dots unverified, awaiting cricsheet)",Y,,,⏳ pending official,COMPLETED,,
Match 1 — MTMILO v MTSUNL,2026-07-21,MTSUNL,922e1b19,Zak Crawley,BAT,Y,13,11,1,0,118.2,c Rashid Khan b Richard Gleeson,,0,0,0,0,,0,0,0,17,0,0,0,0,4,21,"cricapi + ESPN dots/XI · ⏳ provisional (dots unverified, awaiting cricsheet)",Y,4,✓ clean,⏳ pending official,COMPLETED,,
Match 1 — MTMILO v MTSUNL,2026-07-21,MTSUNL,e66732f8,Ryan Rickelton,WK,Y,25,16,1,3,156.2,lbw b Sam Curran,,0,0,0,0,,0,0,0,51,0,0,4,0,4,59,"cricapi + ESPN dots/XI · ⏳ provisional (dots unverified, awaiting cricsheet)",Y,2,,⏳ pending official,COMPLETED,,
Match 1 — MTMILO v MTSUNL,2026-07-21,MTSUNL,slug:harry-brook,Harry Brook,BAT,Y,8,7,0,1,114.3,c Nathan Sowter b Rashid Khan,,0,0,0,0,,0,0,0,14,0,0,0,0,4,18,"cricapi + ESPN dots/XI · ⏳ provisional (dots unverified, awaiting cricsheet)",Y,3,,⏳ pending official,COMPLETED,,
Match 1 — MTMILO v MTSUNL,2026-07-21,MTSUNL,3d8feaf8,Mitchell Marsh,AR,Y,41,27,3,3,151.9,c Sam Curran b Tom Curran,,0,0,0,0,,1,0,0,75,0,8,4,0,4,91,"cricapi + ESPN dots/XI · ⏳ provisional (dots unverified, awaiting cricsheet)",Y,1,✓ clean,⏳ pending official,COMPLETED,,
Match 1 — MTMILO v MTSUNL,2026-07-21,MTSUNL,4b685e2d,Dan Lawrence,BAT,Y,2,4,0,0,50.0,c Nathan Sowter b Richard Gleeson,,0,0,13,0,,0,0,0,2,0,0,0,0,4,6,"cricapi + ESPN dots/XI · ⏳ provisional (dots unverified, awaiting cricsheet)",Y,5,,⏳ pending official,COMPLETED,,
Match 1 — MTMILO v MTSUNL,2026-07-21,MTSUNL,slug:ed-barnard,Ed Barnard,AR,N,,,,,,,,,,,,,,,,,,,,,,,"cricapi + ESPN dots/XI · ⏳ provisional (dots unverified, awaiting cricsheet)",Y,,,⏳ pending official,COMPLETED,,
Match 1 — MTMILO v MTSUNL,2026-07-21,MTSUNL,slug:benny-howell,Benny Howell,AR,Y,0,1,0,0,0.0,c Nicholas Pooran b Richard Gleeson,,0,1,24,0,,0,0,0,-2,0,0,0,0,4,2,"cricapi + ESPN dots/XI · ⏳ provisional (dots unverified, awaiting cricsheet)",Y,7,,⏳ pending official,COMPLETED,,
Match 1 — MTMILO v MTSUNL,2026-07-21,MTSUNL,cad40f5e,Brydon Carse,BOWL,Y,4,5,0,0,80.0,c Jason Roy b Sam Curran,,0,7,18,2,,0,0,0,4,0,0,0,0,4,8,"cricapi + ESPN dots/XI · ⏳ provisional (dots unverified, awaiting cricsheet)",Y,8,,⏳ pending official,COMPLETED,,
Match 1 — MTMILO v MTSUNL,2026-07-21,MTSUNL,9eb1455b,Nathan Ellis,BOWL,Y,0,1,0,0,0.0,c Nicholas Pooran b Richard Gleeson,,0,8,22,1,,0,0,0,0,0,0,0,0,4,4,"cricapi + ESPN dots/XI · ⏳ provisional (dots unverified, awaiting cricsheet)",Y,10,✓ clean,⏳ pending official,COMPLETED,,
Match 1 — MTMILO v MTSUNL,2026-07-21,MTSUNL,abb7c76c,Abrar Ahmed,BOWL,Y,7,3,0,1,233.3,,,0,1,30,0,,0,0,0,13,0,0,0,0,4,17,"cricapi + ESPN dots/XI · ⏳ provisional (dots unverified, awaiting cricsheet)",Y,11,✓ clean,⏳ pending official,COMPLETED,,
Match 1 — MTMILO v MTSUNL,2026-07-21,MTSUNL,slug:matthew-potts,Matthew Potts,BOWL,Y,9,6,1,0,150.0,run out (Nicholas Pooran/Trent Boult),,0,8,33,0,,0,0,0,13,0,0,0,0,4,17,"cricapi + ESPN dots/XI · ⏳ provisional (dots unverified, awaiting cricsheet)",Y,9,,⏳ pending official,COMPLETED,,
Match 1 — MTMILO v MTSUNL,2026-07-21,MTSUNL,961b8ff1,Tom Alsop,WK,Y,31,18,0,3,172.2,lbw b Trent Boult,,0,0,0,0,,0,0,0,53,0,0,6,0,4,63,"cricapi + ESPN dots/XI · ⏳ provisional (dots unverified, awaiting cricsheet)",Y,6,,⏳ pending official,COMPLETED,,
Match 1 — MTMILO v MTSUNL,2026-07-21,MTSUNL,8db7f47f,Reece Topley,BOWL,N,,,,,,,,,,,,,,,,,,,,,,,"cricapi + ESPN dots/XI · ⏳ provisional (dots unverified, awaiting cricsheet)",Y,,,⏳ pending official,COMPLETED,,
Match 1 — MTMILO v MTSUNL,2026-07-21,MTSUNL,slug:liam-patterson-white,Liam Patterson-White,AR,N,,,,,,,,,,,,,,,,,,,,,,,"cricapi + ESPN dots/XI · ⏳ provisional (dots unverified, awaiting cricsheet)",Y,,,⏳ pending official,COMPLETED,,
Match 1 — MTMILO v MTSUNL,2026-07-21,MTSUNL,slug:tom-lawes,Tom Lawes,AR,N,,,,,,,,,,,,,,,,,,,,,,,"cricapi + ESPN dots/XI · ⏳ provisional (dots unverified, awaiting cricsheet)",Y,,,⏳ pending official,COMPLETED,,
Match 1 — MTMILO v MTSUNL,2026-07-21,?,,Harry Howell,BAT,Y,0,0,0,0,,,,0,0,0,0,,1,0,0,0,0,8,0,0,4,12,"cricapi + ESPN dots/XI · ⏳ provisional (dots unverified, awaiting cricsheet)",N,,,⏳ pending official,COMPLETED,,
